 -- ------------------------------------------------------------------------------------
 -- Nombre del Programa : Update_bin.sql                                                
 -- Autor               : Angel Serralde López                                          
 -- Compañia            : GONET                                                         
 -- Proyecto/Procliente : P-81-7039-20                                                  
 -- Fecha de creación   : 09/MAR/2021                                                   
 -- Descripcion General : SCRIPT DE REGISTRO DE INSTITUCIONES Y BINES .                 
 -- Programa Dependiente: N/A.                                                          
 -- Programa Subsecuente: N/A.                                                          
 -- Cond. de ejecucion  : SE DEBE EJECUTAR CON EL USUARIO INSTALADOR                    
 -- Dias de ejecucion   : N/A                                 Horario: N/A              
 --                                                                                     
 -- Modifico            : Angel Serralde López     Fecha de modificación:   09/MAR/2021 
 -- Modificaciones      : SW AGREGARON MARCAS DE CABIOS                                 
-- ------------------------------------------------------------------------------------


Begin
    Insert into can.tbl_idf  (PK_FIID, acquiring_id,  current_business_day, forced_cut_over, logical_net, name, name_long, next_business_day, fk_country_code ) values ('B759', '00000000000', '2021-03-09','', 'PRO1', 'CAJA SAN NICOLAS', 'CAJA SAN NICOLAS, S.C. DE A.P. DE R.L. DE C.V.', '2021-03-09', '484' );
    Insert into can.tbl_idf  (PK_FIID, acquiring_id,  current_business_day, forced_cut_over, logical_net, name, name_long, next_business_day, fk_country_code ) values ('B798', '00000000798', '2021-03-09','', 'PRO1', 'CAJA POPULAR CRISTOBAL COLON', 'CAJA POPULAR CRISTOBAL COLON, S.C. DE A.P. DE R.L. DE C.V.', '2021-03-09', '484' );
    Insert into can.tbl_idf  (PK_FIID, acquiring_id,  current_business_day, forced_cut_over, logical_net, name, name_long, next_business_day, fk_country_code ) values ('B772', '00000000772', '2021-03-09','', 'PRO1', 'CAJA POPULAR CROTAZAR', 'CAJA POPULAR CROTAZAR, S.C. DE A.P. DE R.L. DE C.V.', '2021-03-09', '484' );
    Insert into can.tbl_idf  (PK_FIID, acquiring_id,  current_business_day, forced_cut_over, logical_net, name, name_long, next_business_day, fk_country_code ) values ('B804', '00000000804', '2021-03-09','', 'PRO1', 'CAJA LA SAGRADA FAMILIA', 'CAJA LA SAGRADA FAMILIA, S.C. DE A.P. DE R.L. DE C.V.', '2021-03-09', '484' );
    Insert into can.tbl_idf  (PK_FIID, acquiring_id,  current_business_day, forced_cut_over, logical_net, name, name_long, next_business_day, fk_country_code ) values ('B799', '00000000799', '2021-03-09','', 'PRO1', 'CAJA POPULAR MEXICANA', 'CAJA POPULAR MEXICANA, S.C. DE A.P. DE R.L. DE C.V.', '2021-03-09', '484' );
    Insert into can.tbl_idf  (PK_FIID, acquiring_id,  current_business_day, forced_cut_over, logical_net, name, name_long, next_business_day, fk_country_code ) values ('B122', '00000000122', '2021-03-09','', 'PRO1', 'CAJA SOLIDARIA SIERRA DE SAN JUAN', 'CAJA SOLIDARIA SIERRA DE SAN JUAN, S.C. DE A.P. DE R.L. DE C.V.', '2021-03-09', '484' );
    Insert into can.tbl_idf  (PK_FIID, acquiring_id,  current_business_day, forced_cut_over, logical_net, name, name_long, next_business_day, fk_country_code ) values ('B146', '00000000146', '2021-03-09','', 'PRO1', 'CAJA SOLIDARIA SANTA MARIA DEL ORO,', 'CAJA SOLIDARIA SANTA MARIA DEL ORO, S.C. DE A.P. DE R.L. DE C.V.', '2021-03-09', '484' );
    Insert into can.tbl_idf  (PK_FIID, acquiring_id,  current_business_day, forced_cut_over, logical_net, name, name_long, next_business_day, fk_country_code ) values ('B147', '00000000147', '2021-03-09','', 'PRO1', 'CAJA POPULAR LOS REYES', 'CAJA POPULAR LOS REYES , S.C. DE A.P. DE R.L. DE C.V.', '2021-03-09', '484' );
    Insert into can.tbl_idf  (PK_FIID, acquiring_id,  current_business_day, forced_cut_over, logical_net, name, name_long, next_business_day, fk_country_code ) values ('B139', '00000000139', '2021-03-09','', 'PRO1', 'OOPERATIVA ACREIMEX', 'COOPERATIVA ACREIMEX, S.C. DE A.P. DE R.L. DE C.V.', '2021-03-09', '484' );
    Insert into can.tbl_idf  (PK_FIID, acquiring_id,  current_business_day, forced_cut_over, logical_net, name, name_long, next_business_day, fk_country_code ) values ('B159', '00000000159', '2021-03-09','', 'PRO1', 'CAJA POPULAR TATA VASCO', 'CAJA POPULAR TATA VASCO, S.C. DE A.P. DE R.L. DE C.V.', '2021-03-09', '484' );
    Insert into can.tbl_idf  (PK_FIID, acquiring_id,  current_business_day, forced_cut_over, logical_net, name, name_long, next_business_day, fk_country_code ) values ('B175', '00000000175', '2021-03-09','', 'PRO1', 'CAJA SOLIDARIA LA HUERTA', 'CAJA SOLIDARIA LA HUERTA, S.C. DE A.P. DE R.L. DE C.V.', '2021-03-09', '484' );
    Insert into can.tbl_idf  (PK_FIID, acquiring_id,  current_business_day, forced_cut_over, logical_net, name, name_long, next_business_day, fk_country_code ) values ('B176', '00000000176', '2021-03-09','', 'PRO1', 'CAJA POPULAR FRAY JUAN CALERO', 'CAJA POPULAR FRAY JUAN CALERO, S.C. DE A.P. DE R.L. DE C.V.', '2021-03-09', '484' );
    Insert into can.tbl_idf  (PK_FIID, acquiring_id,  current_business_day, forced_cut_over, logical_net, name, name_long, next_business_day, fk_country_code ) values ('B145', '00000000145', '2021-03-09','', 'PRO1', 'CAJA INMACULADA', 'CAJA INMACULADA, S.C. DE A.P. DE R.L. DE C.V.', '2021-03-09', '484' );
    Insert into can.tbl_idf  (PK_FIID, acquiring_id,  current_business_day, forced_cut_over, logical_net, name, name_long, next_business_day, fk_country_code ) values ('B789', '00000000789', '2021-03-09','', 'PRO1', 'CAJA POPULAR LA PROVIDENCIA', 'CAJA POPULAR LA PROVIDENCIA, S.C. DE A.P. DE R.L. DE C.V.', '2021-03-09', '484' );
    Insert into can.tbl_idf  (PK_FIID, acquiring_id,  current_business_day, forced_cut_over, logical_net, name, name_long, next_business_day, fk_country_code ) values ('B141', '00000000141', '2021-03-09','', 'PRO1', 'CAJA POPULAR OBLATOS', 'CAJA POPULAR OBLATOS, S.C. DE A.P. DE R.L. DE C.V.', '2021-03-09', '484' );
    Insert into can.tbl_idf  (PK_FIID, acquiring_id,  current_business_day, forced_cut_over, logical_net, name, name_long, next_business_day, fk_country_code ) values ('B791', '00000000791', '2021-03-09','', 'PRO1', 'CAJA SMG', 'CAJA SMG, S.C. DE A.P. DE R.L. DE C.V.', '2021-03-09', '484' );
    Insert into can.tbl_idf  (PK_FIID, acquiring_id,  current_business_day, forced_cut_over, logical_net, name, name_long, next_business_day, fk_country_code ) values ('B794', '00000000794', '2021-03-09','', 'PRO1', 'CAJA POPULAR DE AHORROS YANGA', 'CAJA POPULAR DE AHORROS YANGA, S.C. DE A.P. DE R.L. DE C.V.', '2021-03-09', '484' );
    
    Insert into can.tbl_idf  (PK_FIID, acquiring_id,  current_business_day, forced_cut_over, logical_net, name, name_long, next_business_day, fk_country_code ) values ('B103', '00000003332', '2021-03-09','', 'PRO1', 'UNAGRA, SOCIEDAD FINANCIERA POPULAR', 'UNAGRA, S.A. DE C.V., SOCIEDAD FINANCIERA POPULAR', '2021-03-09', '484' );
    
    Insert into can.tbl_idf  (PK_FIID, acquiring_id,  current_business_day, forced_cut_over, logical_net, name, name_long, next_business_day, fk_country_code ) values ('B209', '00000000209', '2021-03-09','', 'PRO1', 'CAJA POPULAR CERANO', 'CAJA POPULAR CERANO', '2021-03-09', '484' );
    Insert into can.tbl_idf  (PK_FIID, acquiring_id,  current_business_day, forced_cut_over, logical_net, name, name_long, next_business_day, fk_country_code ) values ('B203', '00000000203', '2021-03-09','', 'PRO1', 'CAJA SAN RAFAEL', 'CAJA SAN RAFAEL', '2021-03-09', '484' );
    Insert into can.tbl_idf  (PK_FIID, acquiring_id,  current_business_day, forced_cut_over, logical_net, name, name_long, next_business_day, fk_country_code ) values ('B215', '00000000215', '2021-03-09','', 'PRO1', 'COSECHANDO JUNTOS', 'COSECHANDO JUNTOS', '2021-03-09', '484' );
    Insert into can.tbl_idf  (PK_FIID, acquiring_id,  current_business_day, forced_cut_over, logical_net, name, name_long, next_business_day, fk_country_code ) values ('B769', '00000000769', '2021-03-09','', 'PRO1', 'CAJA NUEVA GALICIA', 'CAJA NUEVA GALICIA', '2021-03-09', '484' );
    Insert into can.tbl_idf  (PK_FIID, acquiring_id,  current_business_day, forced_cut_over, logical_net, name, name_long, next_business_day, fk_country_code ) values ('B184', '00000000184', '2021-03-09','', 'PRO1', 'CAJA REAL DEL POTOSI', 'CAJA REAL DEL POTOSI', '2021-03-09', '484' );
    Insert into can.tbl_idf  (PK_FIID, acquiring_id,  current_business_day, forced_cut_over, logical_net, name, name_long, next_business_day, fk_country_code ) values ('B153', '00000000153', '2021-03-09','', 'PRO1', 'CAJA POPULAR SAHUAO', 'CAJA POPULAR SAHUAO', '2021-03-09', '484' );
    Insert into can.tbl_idf  (PK_FIID, acquiring_id,  current_business_day, forced_cut_over, logical_net, name, name_long, next_business_day, fk_country_code ) values ('B214', '00000000214', '2021-03-09','', 'PRO1', 'CAJA SANTIAGO APOSTOL', 'CAJA SANTIAGO APOSTOL', '2021-03-09', '484' );
    Insert into can.tbl_idf  (PK_FIID, acquiring_id,  current_business_day, forced_cut_over, logical_net, name, name_long, next_business_day, fk_country_code ) values ('B195', '00000000195', '2021-03-09','', 'PRO1', 'CAJA LA GUADALUPANA', 'CAJA LA GUADALUPANA', '2021-03-09', '484' );
    Insert into can.tbl_idf  (PK_FIID, acquiring_id,  current_business_day, forced_cut_over, logical_net, name, name_long, next_business_day, fk_country_code ) values ('B185', '00000000185', '2021-03-09','', 'PRO1', 'COOPDESARROLLO', 'COOPDESARROLLO', '2021-03-09', '484' );
    
    
    Insert into can.tbl_bin (pk_bin, pk_bin_len, pk_pan_len, fiid) values ('506247', 6, 16, 'B759' );
    Insert into can.tbl_bin (pk_bin, pk_bin_len, pk_pan_len, fiid) values ('506245', 6, 16, 'B798' );
    Insert into can.tbl_bin (pk_bin, pk_bin_len, pk_pan_len, fiid) values ('506313', 6, 16, 'B772' );
    Insert into can.tbl_bin (pk_bin, pk_bin_len, pk_pan_len, fiid) values ('506335', 6, 16, 'B804' );
    Insert into can.tbl_bin (pk_bin, pk_bin_len, pk_pan_len, fiid) values ('462278', 6, 16, 'B799' );
    Insert into can.tbl_bin (pk_bin, pk_bin_len, pk_pan_len, fiid) values ('506344', 6, 16, 'B122' );
    Insert into can.tbl_bin (pk_bin, pk_bin_len, pk_pan_len, fiid) values ('506352', 6, 16, 'B146' );
    Insert into can.tbl_bin (pk_bin, pk_bin_len, pk_pan_len, fiid) values ('506353', 6, 16, 'B147' );
    Insert into can.tbl_bin (pk_bin, pk_bin_len, pk_pan_len, fiid) values ('506343', 6, 16, 'B139' );
    Insert into can.tbl_bin (pk_bin, pk_bin_len, pk_pan_len, fiid) values ('506361', 6, 16, 'B159' );
    Insert into can.tbl_bin (pk_bin, pk_bin_len, pk_pan_len, fiid) values ('506384', 6, 16, 'B175' );
    Insert into can.tbl_bin (pk_bin, pk_bin_len, pk_pan_len, fiid) values ('506386', 6, 16, 'B176' );
    Insert into can.tbl_bin (pk_bin, pk_bin_len, pk_pan_len, fiid) values ('506374', 6, 16, 'B145' );
    Insert into can.tbl_bin (pk_bin, pk_bin_len, pk_pan_len, fiid) values ('506274', 6, 16, 'B789' );
    Insert into can.tbl_bin (pk_bin, pk_bin_len, pk_pan_len, fiid) values ('506350', 6, 16, 'B141' );
    Insert into can.tbl_bin (pk_bin, pk_bin_len, pk_pan_len, fiid) values ('506263', 6, 16, 'B791' );
    Insert into can.tbl_bin (pk_bin, pk_bin_len, pk_pan_len, fiid) values ('506251', 6, 16, 'B794' );
    
    Insert into can.tbl_bin (pk_bin, pk_bin_len, pk_pan_len, fiid) values ('526400', 6, 16, 'B103' );
    Insert into can.tbl_bin (pk_bin, pk_bin_len, pk_pan_len, fiid) values ('551353', 6, 16, 'B103' );
    
    Insert into can.tbl_bin (pk_bin, pk_bin_len, pk_pan_len, fiid) values ('506411', 6, 16, 'B209' );
    Insert into can.tbl_bin (pk_bin, pk_bin_len, pk_pan_len, fiid) values ('506410', 6, 16, 'B203' );
    Insert into can.tbl_bin (pk_bin, pk_bin_len, pk_pan_len, fiid) values ('506414', 6, 16, 'B215' );
    Insert into can.tbl_bin (pk_bin, pk_bin_len, pk_pan_len, fiid) values ('506320', 6, 16, 'B769' );
    Insert into can.tbl_bin (pk_bin, pk_bin_len, pk_pan_len, fiid) values ('506346', 6, 16, 'B184' );
    Insert into can.tbl_bin (pk_bin, pk_bin_len, pk_pan_len, fiid) values ('506355', 6, 16, 'B153' );
    Insert into can.tbl_bin (pk_bin, pk_bin_len, pk_pan_len, fiid) values ('506461', 6, 16, 'B214' );
    Insert into can.tbl_bin (pk_bin, pk_bin_len, pk_pan_len, fiid) values ('506402', 6, 16, 'B195' );
    Insert into can.tbl_bin (pk_bin, pk_bin_len, pk_pan_len, fiid) values ('506393', 6, 16, 'B185' );
    
    
    
    Insert into can.tbl_idf_tbl_bin (tbl_idf_pk_fiid, bins_pk_bin, bins_pk_bin_len, bins_pk_pan_len) values ('B759', '506247', 6, 16);
    Insert into can.tbl_idf_tbl_bin (tbl_idf_pk_fiid, bins_pk_bin, bins_pk_bin_len, bins_pk_pan_len) values ('B798', '506245', 6, 16);
    Insert into can.tbl_idf_tbl_bin (tbl_idf_pk_fiid, bins_pk_bin, bins_pk_bin_len, bins_pk_pan_len) values ('B772', '506313', 6, 16);
    Insert into can.tbl_idf_tbl_bin (tbl_idf_pk_fiid, bins_pk_bin, bins_pk_bin_len, bins_pk_pan_len) values ('B804', '506335', 6, 16);
    Insert into can.tbl_idf_tbl_bin (tbl_idf_pk_fiid, bins_pk_bin, bins_pk_bin_len, bins_pk_pan_len) values ('B799', '462278', 6, 16);
    Insert into can.tbl_idf_tbl_bin (tbl_idf_pk_fiid, bins_pk_bin, bins_pk_bin_len, bins_pk_pan_len) values ('B122', '506344', 6, 16);
    Insert into can.tbl_idf_tbl_bin (tbl_idf_pk_fiid, bins_pk_bin, bins_pk_bin_len, bins_pk_pan_len) values ('B146', '506352', 6, 16);
    Insert into can.tbl_idf_tbl_bin (tbl_idf_pk_fiid, bins_pk_bin, bins_pk_bin_len, bins_pk_pan_len) values ('B147', '506353', 6, 16);
    Insert into can.tbl_idf_tbl_bin (tbl_idf_pk_fiid, bins_pk_bin, bins_pk_bin_len, bins_pk_pan_len) values ('B139', '506343', 6, 16);
    Insert into can.tbl_idf_tbl_bin (tbl_idf_pk_fiid, bins_pk_bin, bins_pk_bin_len, bins_pk_pan_len) values ('B159', '506361', 6, 16);
    Insert into can.tbl_idf_tbl_bin (tbl_idf_pk_fiid, bins_pk_bin, bins_pk_bin_len, bins_pk_pan_len) values ('B175', '506384', 6, 16);
    Insert into can.tbl_idf_tbl_bin (tbl_idf_pk_fiid, bins_pk_bin, bins_pk_bin_len, bins_pk_pan_len) values ('B176', '506386', 6, 16);
    Insert into can.tbl_idf_tbl_bin (tbl_idf_pk_fiid, bins_pk_bin, bins_pk_bin_len, bins_pk_pan_len) values ('B145', '506374', 6, 16);
    Insert into can.tbl_idf_tbl_bin (tbl_idf_pk_fiid, bins_pk_bin, bins_pk_bin_len, bins_pk_pan_len) values ('B789', '506274', 6, 16);
    Insert into can.tbl_idf_tbl_bin (tbl_idf_pk_fiid, bins_pk_bin, bins_pk_bin_len, bins_pk_pan_len) values ('B141', '506350', 6, 16);
    Insert into can.tbl_idf_tbl_bin (tbl_idf_pk_fiid, bins_pk_bin, bins_pk_bin_len, bins_pk_pan_len) values ('B791', '506263', 6, 16);
    Insert into can.tbl_idf_tbl_bin (tbl_idf_pk_fiid, bins_pk_bin, bins_pk_bin_len, bins_pk_pan_len) values ('B794', '506251', 6, 16);
    
    Insert into can.tbl_idf_tbl_bin (tbl_idf_pk_fiid, bins_pk_bin, bins_pk_bin_len, bins_pk_pan_len) values ('B103', '526400', 6, 16);
    Insert into can.tbl_idf_tbl_bin (tbl_idf_pk_fiid, bins_pk_bin, bins_pk_bin_len, bins_pk_pan_len) values ('B103', '551353', 6, 16);
    
    Insert into can.tbl_idf_tbl_bin (tbl_idf_pk_fiid, bins_pk_bin, bins_pk_bin_len, bins_pk_pan_len) values ('B209', '506411', 6, 16);
    Insert into can.tbl_idf_tbl_bin (tbl_idf_pk_fiid, bins_pk_bin, bins_pk_bin_len, bins_pk_pan_len) values ('B203', '506410', 6, 16);
    Insert into can.tbl_idf_tbl_bin (tbl_idf_pk_fiid, bins_pk_bin, bins_pk_bin_len, bins_pk_pan_len) values ('B215', '506414', 6, 16);
    Insert into can.tbl_idf_tbl_bin (tbl_idf_pk_fiid, bins_pk_bin, bins_pk_bin_len, bins_pk_pan_len) values ('B769', '506320', 6, 16);
    Insert into can.tbl_idf_tbl_bin (tbl_idf_pk_fiid, bins_pk_bin, bins_pk_bin_len, bins_pk_pan_len) values ('B184', '506346', 6, 16);
    Insert into can.tbl_idf_tbl_bin (tbl_idf_pk_fiid, bins_pk_bin, bins_pk_bin_len, bins_pk_pan_len) values ('B153', '506355', 6, 16);
    Insert into can.tbl_idf_tbl_bin (tbl_idf_pk_fiid, bins_pk_bin, bins_pk_bin_len, bins_pk_pan_len) values ('B214', '506461', 6, 16);
    Insert into can.tbl_idf_tbl_bin (tbl_idf_pk_fiid, bins_pk_bin, bins_pk_bin_len, bins_pk_pan_len) values ('B195', '506402', 6, 16);
    Insert into can.tbl_idf_tbl_bin (tbl_idf_pk_fiid, bins_pk_bin, bins_pk_bin_len, bins_pk_pan_len) values ('B185', '506393', 6, 16);

    Commit;
Exception
    When others then
    dbms_output.put_line('Se deshacen las modificaciones');
    Rollback;
end;