-- MySQL dump 10.13  Distrib 8.0.13, for Win64 (x86_64)
--
-- Host: localhost    Database: atm
-- ------------------------------------------------------
-- Server version	8.0.13

/*!40101 SET @OLD_CHARACTER_SET_CLIENT=@@CHARACTER_SET_CLIENT */;
/*!40101 SET @OLD_CHARACTER_SET_RESULTS=@@CHARACTER_SET_RESULTS */;
/*!40101 SET @OLD_COLLATION_CONNECTION=@@COLLATION_CONNECTION */;
 SET NAMES utf8 ;
/*!40103 SET @OLD_TIME_ZONE=@@TIME_ZONE */;
/*!40103 SET TIME_ZONE='+00:00' */;
/*!40014 SET @OLD_UNIQUE_CHECKS=@@UNIQUE_CHECKS, UNIQUE_CHECKS=0 */;
/*!40014 SET @OLD_FOREIGN_KEY_CHECKS=@@FOREIGN_KEY_CHECKS, FOREIGN_KEY_CHECKS=0 */;
/*!40101 SET @OLD_SQL_MODE=@@SQL_MODE, SQL_MODE='NO_AUTO_VALUE_ON_ZERO' */;
/*!40111 SET @OLD_SQL_NOTES=@@SQL_NOTES, SQL_NOTES=0 */;

--
-- Table structure for table `hibernate_sequences`
--

DROP TABLE IF EXISTS `hibernate_sequences`;
/*!40101 SET @saved_cs_client     = @@character_set_client */;
 SET character_set_client = utf8mb4 ;
CREATE TABLE `hibernate_sequences` (
  `sequence_name` varchar(255) NOT NULL,
  `next_val` bigint(20) DEFAULT NULL,
  PRIMARY KEY (`sequence_name`)
) ENGINE=InnoDB DEFAULT CHARSET=utf8mb4 COLLATE=utf8mb4_0900_ai_ci;
/*!40101 SET character_set_client = @saved_cs_client */;

--
-- Dumping data for table `hibernate_sequences`
--

LOCK TABLES `hibernate_sequences` WRITE;
/*!40000 ALTER TABLE `hibernate_sequences` DISABLE KEYS */;
INSERT INTO `hibernate_sequences` VALUES ('default',1600);
/*!40000 ALTER TABLE `hibernate_sequences` ENABLE KEYS */;
UNLOCK TABLES;

--
-- Table structure for table `tbl_apc`
--

DROP TABLE IF EXISTS `tbl_apc`;
/*!40101 SET @saved_cs_client     = @@character_set_client */;
 SET character_set_client = utf8mb4 ;
CREATE TABLE `tbl_apc` (
  `pk_fiid` varchar(4) NOT NULL,
  `pk_from_acct` varchar(2) NOT NULL,
  `pk_to_acct` varchar(2) NOT NULL,
  `pk_tran_code` varchar(2) NOT NULL,
  `routing_group` varchar(11) DEFAULT NULL,
  `sharing_group` varchar(24) DEFAULT NULL,
  `fk_allowed_code` varchar(1) NOT NULL,
  PRIMARY KEY (`pk_fiid`,`pk_from_acct`,`pk_to_acct`,`pk_tran_code`),
  KEY `FK_ALLOWED_CODE` (`fk_allowed_code`),
  CONSTRAINT `FK_ALLOWED_CODE` FOREIGN KEY (`fk_allowed_code`) REFERENCES `tbl_tran_allow` (`pk_allowed_code`)
) ENGINE=InnoDB DEFAULT CHARSET=utf8mb4 COLLATE=utf8mb4_0900_ai_ci;
/*!40101 SET character_set_client = @saved_cs_client */;

--
-- Dumping data for table `tbl_apc`
--

LOCK TABLES `tbl_apc` WRITE;
/*!40000 ALTER TABLE `tbl_apc` DISABLE KEYS */;
/*!40000 ALTER TABLE `tbl_apc` ENABLE KEYS */;
UNLOCK TABLES;

--
-- Table structure for table `tbl_atd`
--

DROP TABLE IF EXISTS `tbl_atd`;
/*!40101 SET @saved_cs_client     = @@character_set_client */;
 SET character_set_client = utf8mb4 ;
CREATE TABLE `tbl_atd` (
  `pk_terminal_id` varchar(16) NOT NULL,
  `active_transaction` bit(1) DEFAULT NULL,
  `device_type` varchar(2) DEFAULT NULL,
  `ip` varchar(15) DEFAULT NULL,
  `last_transaction` longtext,
  `location` varchar(25) DEFAULT NULL,
  `atm_online` bit(1) DEFAULT NULL,
  `posting_day` varchar(10) DEFAULT NULL,
  `receipt` longtext,
  `screnn_type` varchar(10) DEFAULT NULL,
  `sequence` varchar(9) DEFAULT NULL,
  `sequence_number` int(11) DEFAULT NULL,
  `devices` longblob,
  `fk_county_code_id` int(11) NOT NULL,
  `fk_fiid` varchar(4) NOT NULL,
  `pk_node_name` varchar(10) NOT NULL,
  `pk_node_name_x` varchar(10) NOT NULL,
  `fk_group_screen` varchar(16) NOT NULL,
  PRIMARY KEY (`pk_terminal_id`),
  KEY `FK_COUNTY_CODE_ID` (`fk_county_code_id`),
  KEY `FK_FIID` (`fk_fiid`),
  KEY `FK_NODE_NAME` (`pk_node_name`),
  KEY `PK_NODE_NAME_X` (`pk_node_name_x`),
  KEY `FK_GROUP_SCREEN` (`fk_group_screen`),
  CONSTRAINT `FK_COUNTY_CODE_ID` FOREIGN KEY (`fk_county_code_id`) REFERENCES `tbl_county` (`pk_county_code_id`),
  CONSTRAINT `FK_FIID` FOREIGN KEY (`fk_fiid`) REFERENCES `tbl_idf` (`pk_fiid`),
  CONSTRAINT `FK_GROUP_SCREEN` FOREIGN KEY (`fk_group_screen`) REFERENCES `tbl_screen_group` (`pk_group_id`),
  CONSTRAINT `FK_NODE_NAME` FOREIGN KEY (`pk_node_name`) REFERENCES `tbl_node_tcp` (`pk_node_name`),
  CONSTRAINT `PK_NODE_NAME_X` FOREIGN KEY (`pk_node_name_x`) REFERENCES `tbl_node_tcp` (`pk_node_name`)
) ENGINE=InnoDB DEFAULT CHARSET=utf8mb4 COLLATE=utf8mb4_0900_ai_ci;
/*!40101 SET character_set_client = @saved_cs_client */;

--
-- Dumping data for table `tbl_atd`
--

LOCK TABLES `tbl_atd` WRITE;
/*!40000 ALTER TABLE `tbl_atd` DISABLE KEYS */;
/*!40000 ALTER TABLE `tbl_atd` ENABLE KEYS */;
UNLOCK TABLES;

--
-- Table structure for table `tbl_atd_tbl_journal`
--

DROP TABLE IF EXISTS `tbl_atd_tbl_journal`;
/*!40101 SET @saved_cs_client     = @@character_set_client */;
 SET character_set_client = utf8mb4 ;
CREATE TABLE `tbl_atd_tbl_journal` (
  `tbl_atd_pk_terminal_id` varchar(16) NOT NULL,
  `journal_pk_id_journal` int(11) NOT NULL,
  PRIMARY KEY (`tbl_atd_pk_terminal_id`,`journal_pk_id_journal`),
  UNIQUE KEY `UK_pqmekw2oscu8yy7sh4hkeiij2` (`journal_pk_id_journal`),
  CONSTRAINT `FK9gm66vumfv0409q1blscxnwyi` FOREIGN KEY (`journal_pk_id_journal`) REFERENCES `tbl_journal` (`pk_id_journal`),
  CONSTRAINT `FKbnnqxdhuukc889nqmfa9ny50k` FOREIGN KEY (`tbl_atd_pk_terminal_id`) REFERENCES `tbl_atd` (`pk_terminal_id`)
) ENGINE=InnoDB DEFAULT CHARSET=utf8mb4 COLLATE=utf8mb4_0900_ai_ci;
/*!40101 SET character_set_client = @saved_cs_client */;

--
-- Dumping data for table `tbl_atd_tbl_journal`
--

LOCK TABLES `tbl_atd_tbl_journal` WRITE;
/*!40000 ALTER TABLE `tbl_atd_tbl_journal` DISABLE KEYS */;
/*!40000 ALTER TABLE `tbl_atd_tbl_journal` ENABLE KEYS */;
UNLOCK TABLES;

--
-- Table structure for table `tbl_atd_tbl_up_time`
--

DROP TABLE IF EXISTS `tbl_atd_tbl_up_time`;
/*!40101 SET @saved_cs_client     = @@character_set_client */;
 SET character_set_client = utf8mb4 ;
CREATE TABLE `tbl_atd_tbl_up_time` (
  `tbl_atd_pk_terminal_id` varchar(16) NOT NULL,
  `up_times_pk_date` date NOT NULL,
  `up_times_pk_terminal_id` varchar(16) NOT NULL,
  PRIMARY KEY (`tbl_atd_pk_terminal_id`,`up_times_pk_date`,`up_times_pk_terminal_id`),
  UNIQUE KEY `UK_h4btaorpw8qlhyie2chwk4dt1` (`up_times_pk_date`,`up_times_pk_terminal_id`),
  CONSTRAINT `FKapi585dbf7jbkqttuvoc3vnx9` FOREIGN KEY (`up_times_pk_date`, `up_times_pk_terminal_id`) REFERENCES `tbl_up_time` (`pk_date`, `pk_terminal_id`),
  CONSTRAINT `FKgt0vsxhl40r7mds3i432dtuak` FOREIGN KEY (`tbl_atd_pk_terminal_id`) REFERENCES `tbl_atd` (`pk_terminal_id`)
) ENGINE=InnoDB DEFAULT CHARSET=utf8mb4 COLLATE=utf8mb4_0900_ai_ci;
/*!40101 SET character_set_client = @saved_cs_client */;

--
-- Dumping data for table `tbl_atd_tbl_up_time`
--

LOCK TABLES `tbl_atd_tbl_up_time` WRITE;
/*!40000 ALTER TABLE `tbl_atd_tbl_up_time` DISABLE KEYS */;
/*!40000 ALTER TABLE `tbl_atd_tbl_up_time` ENABLE KEYS */;
UNLOCK TABLES;

--
-- Table structure for table `tbl_bank_style`
--

DROP TABLE IF EXISTS `tbl_bank_style`;
/*!40101 SET @saved_cs_client     = @@character_set_client */;
 SET character_set_client = utf8mb4 ;
CREATE TABLE `tbl_bank_style` (
  `id` varchar(45) NOT NULL,
  `back_ground` varchar(45) DEFAULT NULL,
  `buttons` longtext,
  `dashboard` varchar(200) DEFAULT NULL,
  PRIMARY KEY (`id`)
) ENGINE=InnoDB DEFAULT CHARSET=utf8mb4 COLLATE=utf8mb4_0900_ai_ci;
/*!40101 SET character_set_client = @saved_cs_client */;

--
-- Dumping data for table `tbl_bank_style`
--

LOCK TABLES `tbl_bank_style` WRITE;
/*!40000 ALTER TABLE `tbl_bank_style` DISABLE KEYS */;
/*!40000 ALTER TABLE `tbl_bank_style` ENABLE KEYS */;
UNLOCK TABLES;

--
-- Table structure for table `tbl_bin`
--

DROP TABLE IF EXISTS `tbl_bin`;
/*!40101 SET @saved_cs_client     = @@character_set_client */;
 SET character_set_client = utf8mb4 ;
CREATE TABLE `tbl_bin` (
  `pk_bin` varchar(11) NOT NULL,
  `pk_bin_len` int(11) NOT NULL,
  `pk_pan_len` int(11) NOT NULL,
  `fiid` varchar(4) DEFAULT NULL,
  PRIMARY KEY (`pk_bin`,`pk_bin_len`,`pk_pan_len`)
) ENGINE=InnoDB DEFAULT CHARSET=utf8mb4 COLLATE=utf8mb4_0900_ai_ci;
/*!40101 SET character_set_client = @saved_cs_client */;

--
-- Dumping data for table `tbl_bin`
--

LOCK TABLES `tbl_bin` WRITE;
/*!40000 ALTER TABLE `tbl_bin` DISABLE KEYS */;
/*!40000 ALTER TABLE `tbl_bin` ENABLE KEYS */;
UNLOCK TABLES;

--
-- Table structure for table `tbl_country`
--

DROP TABLE IF EXISTS `tbl_country`;
/*!40101 SET @saved_cs_client     = @@character_set_client */;
 SET character_set_client = utf8mb4 ;
CREATE TABLE `tbl_country` (
  `pk_country_code` varchar(3) NOT NULL,
  `alpha_2` varchar(2) DEFAULT NULL,
  `alpha_3` varchar(3) DEFAULT NULL,
  `name` varchar(20) DEFAULT NULL,
  `symbols` varchar(1) DEFAULT NULL,
  PRIMARY KEY (`pk_country_code`)
) ENGINE=InnoDB DEFAULT CHARSET=utf8mb4 COLLATE=utf8mb4_0900_ai_ci;
/*!40101 SET character_set_client = @saved_cs_client */;

--
-- Dumping data for table `tbl_country`
--

LOCK TABLES `tbl_country` WRITE;
/*!40000 ALTER TABLE `tbl_country` DISABLE KEYS */;
INSERT INTO `tbl_country` VALUES ('484','MX','MXN','MEXICO','$'),('840','US','USD','UNITED STATES','$');
/*!40000 ALTER TABLE `tbl_country` ENABLE KEYS */;
UNLOCK TABLES;

--
-- Table structure for table `tbl_county`
--

DROP TABLE IF EXISTS `tbl_county`;
/*!40101 SET @saved_cs_client     = @@character_set_client */;
 SET character_set_client = utf8mb4 ;
CREATE TABLE `tbl_county` (
  `pk_county_code_id` int(11) NOT NULL,
  `county_code` varchar(3) DEFAULT NULL,
  `county_name` varchar(45) DEFAULT NULL,
  `fk_state_code` varchar(2) DEFAULT NULL,
  PRIMARY KEY (`pk_county_code_id`),
  KEY `FK_STATE_CODE` (`fk_state_code`),
  CONSTRAINT `FK_STATE_CODE` FOREIGN KEY (`fk_state_code`) REFERENCES `tbl_state` (`pk_state_code`)
) ENGINE=InnoDB DEFAULT CHARSET=utf8mb4 COLLATE=utf8mb4_0900_ai_ci;
/*!40101 SET character_set_client = @saved_cs_client */;

--
-- Dumping data for table `tbl_county`
--

LOCK TABLES `tbl_county` WRITE;
/*!40000 ALTER TABLE `tbl_county` DISABLE KEYS */;
INSERT INTO `tbl_county` VALUES (1,'001','AGUASCALIENTE','01'),(2,'002','ASIENTOS','01'),(3,'003','CALVILLO','01'),(4,'004','COSIO','01'),(5,'005','JESUS MARIA','01'),(6,'006','PABELLON DE A','01'),(7,'007','RINCON DE ROM','01'),(8,'008','SAN JOSE DE G','01'),(9,'009','TEPEZALA','01'),(10,'010','EL LLANO','01'),(11,'011','SAN FRANCISCO','01'),(12,'001','ENSENADA','02'),(13,'002','MEXICALI','02'),(14,'003','TECATE','02'),(15,'004','TIJUANA','02'),(16,'001','CALKINI','04'),(17,'002','CAMPECHE','04'),(18,'003','CARMEN','04'),(19,'004','CHAMPOTON','04'),(20,'005','HECELCHAKAN','04'),(21,'006','HOPELCHEN','04'),(22,'007','PALIZADA','04'),(23,'008','TENABO','04'),(24,'010','CALAKMUL','04'),(25,'011','CANDELARIA','04'),(26,'002','ACUNA','05'),(27,'003','ALLENDE','05'),(28,'004','ARTEAGA','05'),(29,'006','CASTANOS','05'),(30,'007','CUATRO CIENEG','05'),(31,'009','FRANCISCO I.','05'),(32,'010','FRONTERA','05'),(33,'011','GENERAL CEPED','05'),(34,'014','JIMENEZ','05'),(35,'016','LAMADRID','05'),(36,'017','MATAMOROS','05'),(37,'018','MONCLOVA','05'),(38,'019','MORELOS','05'),(39,'020','MUZQUIZ','05'),(40,'021','NADADORES','05'),(41,'022','NAVA','05'),(42,'024','PARRAS','05'),(43,'025','PIEDRAS NEGRA','05'),(44,'027','RAMOS ARIZPE','05'),(45,'028','SABINAS','05'),(46,'030','SALTILLO','05'),(47,'031','SAN BUENAVENT','05'),(48,'032','SAN JUAN DE S','05'),(49,'033','SAN PEDRO','05'),(50,'035','TORREON','05'),(51,'037','VILLA UNION','05'),(52,'038','ZARAGOZA','05'),(53,'001','ARMERIA','06'),(54,'002','COLIMA','06'),(55,'003','COMALA','06'),(56,'004','COQUIMATLAN','06'),(57,'005','CUAUHTEMOC','06'),(58,'007','MANZANILLO','06'),(59,'008','MINATITLAN','06'),(60,'009','TECOMAN','06'),(61,'010','VILLA DE ALVA','06'),(62,'001','ACACOYAGUA','07'),(63,'002','ACALA','07'),(64,'003','ACAPETAHUA','07'),(65,'004','ALTAMIRANO','07'),(66,'005','AMATAN','07'),(67,'006','AMATENANGO DE','07'),(68,'009','ARRIAGA','07'),(69,'011','BELLA VISTA','07'),(70,'012','BERRIOZABAL','07'),(71,'013','BOCHIL','07'),(72,'014','EL BOSQUE','07'),(73,'015','CACAHOATAN','07'),(74,'016','CATAZAJA','07'),(75,'017','CINTALAPA','07'),(76,'018','COAPILLA','07'),(77,'019','COMITAN DE DO','07'),(78,'021','COPAINALA','07'),(79,'022','CHALCHIHUITAN','07'),(80,'023','CHAMULA','07'),(81,'025','CHAPULTENANGO','07'),(82,'026','CHENALHO','07'),(83,'027','CHIAPA DE COR','07'),(84,'028','CHIAPILLA','07'),(85,'029','CHICOASEN','07'),(86,'030','CHICOMUSELO','07'),(87,'031','CHILON','07'),(88,'032','ESCUINTLA','07'),(89,'033','FRANCISCO LEO','07'),(90,'034','FRONTERA COMA','07'),(91,'035','FRONTERA HIDA','07'),(92,'037','HUEHUETAN','07'),(93,'038','HUIXTAN','07'),(94,'039','HUITIUPAN','07'),(95,'040','HUIXTLA','07'),(96,'041','LA INDEPENDEN','07'),(97,'042','IXHUATAN','07'),(98,'043','IXTACOMITAN','07'),(99,'044','IXTAPA','07'),(100,'045','IXTAPANGAJOYA','07'),(101,'046','JIQUIPILAS','07'),(102,'047','JITOTOL','07'),(103,'048','JUAREZ','07'),(104,'049','LARRAINZAR','07'),(105,'051','MAPASTEPEC','07'),(106,'052','LAS MARGARITA','07'),(107,'054','MAZATAN','07'),(108,'055','METAPA','07'),(109,'056','MITONTIC','07'),(110,'057','MOTOZINTLA','07'),(111,'059','OCOSINGO','07'),(112,'060','OCOTEPEC','07'),(113,'061','OCOZOCOAUTLA','07'),(114,'062','OSTUACAN','07'),(115,'063','OSUMACINTA','07'),(116,'064','OXCHUC','07'),(117,'065','PALENQUE','07'),(118,'066','PANTELHO','07'),(119,'067','PANTEPEC','07'),(120,'068','PICHUCALCO','07'),(121,'069','PIJIJIAPAN','07'),(122,'071','VILLA COMALTI','07'),(123,'072','PUEBLO NUEVO','07'),(124,'073','RAYON','07'),(125,'074','REFORMA','07'),(126,'075','LAS ROSAS','07'),(127,'076','SABANILLA','07'),(128,'077','SALTO DE AGUA','07'),(129,'078','SAN CRISTOBAL','07'),(130,'079','SAN FERNANDO','07'),(131,'081','SIMOJOVEL','07'),(132,'083','SOCOLTENANGO','07'),(133,'084','SOLOSUCHIAPA','07'),(134,'085','SOYALO','07'),(135,'086','SUCHIAPA','07'),(136,'087','SUCHIATE','07'),(137,'089','TAPACHULA','07'),(138,'090','TAPALAPA','07'),(139,'091','TAPILULA','07'),(140,'092','TECPATAN','07'),(141,'093','TENEJAPA','07'),(142,'094','TEOPISCA','07'),(143,'096','TILA','07'),(144,'097','TONALA','07'),(145,'099','LA TRINITARIA','07'),(146,'100','TUMBALA','07'),(147,'101','TUXTLA GUTIER','07'),(148,'102','TUXTLA CHICO','07'),(149,'103','TUZANTAN','07'),(150,'104','TZIMOL','07'),(151,'105','UNION JUAREZ','07'),(152,'106','VENUSTIANO CA','07'),(153,'107','VILLA CORZO','07'),(154,'108','VILLAFLORES','07'),(155,'109','YAJALON','07'),(156,'110','SAN LUCAS','07'),(157,'111','ZINACANTAN','07'),(158,'112','SAN JUAN CANC','07'),(159,'002','ALDAMA','08'),(160,'004','AQUILES SERDA','08'),(161,'017','CUAUHTEMOC','08'),(162,'019','CHIHUAHUA','08'),(163,'021','DELICIAS','08'),(164,'031','GUERRERO','08'),(165,'036','JIMENEZ','08'),(166,'037','JUAREZ','08'),(167,'045','MEOQUI','08'),(168,'062','SAUCILLO','08'),(169,'002','AZCAPOTZALCO','09'),(170,'003','COYOACAN','09'),(171,'004','CUAJIMALPA DE','09'),(172,'005','GUSTAVO A. MA','09'),(173,'006','IZTACALCO','09'),(174,'007','IZTAPALAPA','09'),(175,'008','LA MAGDALENA','09'),(176,'009','MILPA ALTA','09'),(177,'010','ALVARO OBREGO','09'),(178,'011','TLAHUAC','09'),(179,'012','TLALPAN','09'),(180,'013','XOCHIMILCO','09'),(181,'014','BENITO JUAREZ','09'),(182,'015','CUAUHTEMOC','09'),(183,'016','MIGUEL HIDALG','09'),(184,'017','VENUSTIANO CA','09'),(185,'002','CANELAS','10'),(186,'004','CUENCAME','10'),(187,'005','DURANGO','10'),(188,'007','GOMEZ PALACIO','10'),(189,'008','GUADALUPE VIC','10'),(190,'012','LERDO','10'),(191,'013','MAPIMI','10'),(192,'020','PANUCO DE COR','10'),(193,'023','PUEBLO NUEVO','10'),(194,'026','SAN DIMAS','10'),(195,'036','TLAHUALILO','10'),(196,'001','ABASOLO','11'),(197,'002','ACAMBARO','11'),(198,'003','SAN MIGUEL DE','11'),(199,'004','APASEO EL ALT','11'),(200,'005','APASEO EL GRA','11'),(201,'007','CELAYA','11'),(202,'008','MANUEL DOBLAD','11'),(203,'009','COMONFORT','11'),(204,'010','CORONEO','11'),(205,'011','CORTAZAR','11'),(206,'012','CUERAMARO','11'),(207,'013','DOCTOR MORA','11'),(208,'014','DOLORES HIDAL','11'),(209,'015','GUANAJUATO','11'),(210,'016','HUANIMARO','11'),(211,'017','IRAPUATO','11'),(212,'018','JARAL DEL PRO','11'),(213,'020','LEON','11'),(214,'021','MOROLEON','11'),(215,'022','OCAMPO','11'),(216,'023','PENJAMO','11'),(217,'024','PUEBLO NUEVO','11'),(218,'025','PURISIMA DEL','11'),(219,'026','ROMITA','11'),(220,'027','SALAMANCA','11'),(221,'028','SALVATIERRA','11'),(222,'029','SAN DIEGO DE','11'),(223,'030','SAN FELIPE','11'),(224,'031','SAN FRANCISCO','11'),(225,'032','SAN JOSE ITUR','11'),(226,'033','SAN LUIS DE L','11'),(227,'034','SANTA CATARIN','11'),(228,'035','SANTA CRUZ DE','11'),(229,'036','SANTIAGO MARA','11'),(230,'037','SILAO','11'),(231,'038','TARANDACUAO','11'),(232,'039','TARIMORO','11'),(233,'040','TIERRA BLANCA','11'),(234,'041','URIANGATO','11'),(235,'042','VALLE DE SANT','11'),(236,'043','VICTORIA','11'),(237,'044','VILLAGRAN','11'),(238,'046','YURIRIA','11'),(239,'001','ACAPULCO DE J','12'),(240,'002','AHUACUOTZINGO','12'),(241,'005','ALPOYECA','12'),(242,'011','ATOYAC DE ALV','12'),(243,'012','AYUTLA DE LOS','12'),(244,'013','AZOYU','12'),(245,'014','BENITO JUAREZ','12'),(246,'015','BUENAVISTA DE','12'),(247,'017','COCULA','12'),(248,'018','COPALA','12'),(249,'020','COPANATOYAC','12'),(250,'021','COYUCA DE BEN','12'),(251,'023','CUAJINICUILAP','12'),(252,'025','CUAUTEPEC','12'),(253,'028','CHILAPA DE AL','12'),(254,'029','CHILPANCINGO','12'),(255,'030','FLORENCIO VIL','12'),(256,'032','GENERAL HELIO','12'),(257,'035','IGUALA DE LA','12'),(258,'036','IGUALAPA','12'),(259,'037','IXCATEOPAN DE','12'),(260,'038','ZIHUATANEJO D','12'),(261,'039','JUAN R. ESCUD','12'),(262,'041','MALINALTEPEC','12'),(263,'042','MARTIR DE CUI','12'),(264,'044','MOCHITLAN','12'),(265,'045','OLINALA','12'),(266,'046','OMETEPEC','12'),(267,'048','PETATLAN','12'),(268,'049','PILCAYA','12'),(269,'051','QUECHULTENANG','12'),(270,'052','SAN LUIS ACAT','12'),(271,'053','SAN MARCOS','12'),(272,'055','TAXCO DE ALAR','12'),(273,'056','TECOANAPA','12'),(274,'057','TECPAN DE GAL','12'),(275,'058','TELOLOAPAN','12'),(276,'060','TETIPAC','12'),(277,'061','TIXTLA DE GUE','12'),(278,'062','TLACOACHISTLA','12'),(279,'066','TLAPA DE COMO','12'),(280,'068','LA UNION DE I','12'),(281,'069','XALPATLAHUAC','12'),(282,'071','XOCHISTLAHUAC','12'),(283,'074','ZITLALA','12'),(284,'075','EDUARDO NERI','12'),(285,'077','MARQUELIA','12'),(286,'079','JOSE JOAQUIN','12'),(287,'080','JUCHITAN','12'),(288,'081','ILIATENCO','12'),(289,'001','ACATLAN','13'),(290,'002','ACAXOCHITLAN','13'),(291,'003','ACTOPAN','13'),(292,'004','AGUA BLANCA D','13'),(293,'005','AJACUBA','13'),(294,'006','ALFAJAYUCAN','13'),(295,'007','ALMOLOYA','13'),(296,'008','APAN','13'),(297,'009','EL ARENAL','13'),(298,'010','ATITALAQUIA','13'),(299,'011','ATLAPEXCO','13'),(300,'012','ATOTONILCO EL','13'),(301,'013','ATOTONILCO DE','13'),(302,'014','CALNALI','13'),(303,'015','CARDONAL','13'),(304,'016','CUAUTEPEC DE','13'),(305,'017','CHAPANTONGO','13'),(306,'018','CHAPULHUACAN','13'),(307,'019','CHILCUAUTLA','13'),(308,'021','EMILIANO ZAPA','13'),(309,'022','EPAZOYUCAN','13'),(310,'023','FRANCISCO I.','13'),(311,'024','HUASCA DE OCA','13'),(312,'025','HUAUTLA','13'),(313,'026','HUAZALINGO','13'),(314,'027','HUEHUETLA','13'),(315,'028','HUEJUTLA DE R','13'),(316,'029','HUICHAPAN','13'),(317,'030','IXMIQUILPAN','13'),(318,'032','JALTOCAN','13'),(319,'034','LOLOTLA','13'),(320,'035','METEPEC','13'),(321,'036','SAN AGUSTIN M','13'),(322,'037','METZTITLAN','13'),(323,'038','MINERAL DEL C','13'),(324,'039','MINERAL DEL M','13'),(325,'041','MIXQUIAHUALA','13'),(326,'042','MOLANGO DE ES','13'),(327,'044','NOPALA DE VIL','13'),(328,'045','OMITLAN DE JU','13'),(329,'046','SAN FELIPE OR','13'),(330,'048','PACHUCA DE SO','13'),(331,'049','PISAFLORES','13'),(332,'050','PROGRESO DE O','13'),(333,'051','MINERAL DE LA','13'),(334,'052','SAN AGUSTIN T','13'),(335,'054','SAN SALVADOR','13'),(336,'055','SANTIAGO DE A','13'),(337,'056','SANTIAGO TULA','13'),(338,'057','SINGUILUCAN','13'),(339,'058','TASQUILLO','13'),(340,'059','TECOZAUTLA','13'),(341,'060','TENANGO DE DO','13'),(342,'061','TEPEAPULCO','13'),(343,'063','TEPEJI DEL RI','13'),(344,'064','TEPETITLAN','13'),(345,'065','TETEPANGO','13'),(346,'066','VILLA DE TEZO','13'),(347,'067','TEZONTEPEC DE','13'),(348,'068','TIANGUISTENGO','13'),(349,'069','TIZAYUCA','13'),(350,'070','TLAHUELILPAN','13'),(351,'071','TLAHUILTEPA','13'),(352,'072','TLANALAPA','13'),(353,'073','TLANCHINOL','13'),(354,'074','TLAXCOAPAN','13'),(355,'075','TOLCAYUCA','13'),(356,'076','TULA DE ALLEN','13'),(357,'077','TULANCINGO DE','13'),(358,'078','XOCHIATIPAN','13'),(359,'079','XOCHICOATLAN','13'),(360,'080','YAHUALICA','13'),(361,'081','ZACUALTIPAN D','13'),(362,'082','ZAPOTLAN DE J','13'),(363,'083','ZEMPOALA','13'),(364,'084','ZIMAPAN','13'),(365,'001','ACATIC','14'),(366,'002','ACATLAN DE JU','14'),(367,'006','AMECA','14'),(368,'014','ATOYAC','14'),(369,'015','AUTLAN DE NAV','14'),(370,'016','AYOTLAN','14'),(371,'018','LA BARCA','14'),(372,'020','CABO CORRIENT','14'),(373,'021','CASIMIRO CAST','14'),(374,'022','CIHUATLAN','14'),(375,'023','ZAPOTLAN EL G','14'),(376,'029','CUQUIO','14'),(377,'030','CHAPALA','14'),(378,'033','DEGOLLADO','14'),(379,'035','ENCARNACION D','14'),(380,'037','EL GRULLO','14'),(381,'039','GUADALAJARA','14'),(382,'044','IXTLAHUACAN D','14'),(383,'045','IXTLAHUACAN D','14'),(384,'046','JALOSTOTITLAN','14'),(385,'047','JAMAY','14'),(386,'050','JOCOTEPEC','14'),(387,'052','JUCHITLAN','14'),(388,'053','LAGOS DE MORE','14'),(389,'054','EL LIMON','14'),(390,'055','MAGDALENA','14'),(391,'063','OCOTLAN','14'),(392,'064','OJUELOS DE JA','14'),(393,'066','PONCITLAN','14'),(394,'067','PUERTO VALLAR','14'),(395,'068','VILLA PURIFIC','14'),(396,'070','EL SALTO','14'),(397,'078','SAN MIGUEL EL','14'),(398,'079','GOMEZ FARIAS','14'),(399,'082','SAYULA','14'),(400,'083','TALA','14'),(401,'085','TAMAZULA DE G','14'),(402,'087','TECALITLAN','14'),(403,'088','TECOLOTLAN','14'),(404,'097','TLAJOMULCO DE','14'),(405,'098','TLAQUEPAQUE','14'),(406,'100','TOMATLAN','14'),(407,'101','TONALA','14'),(408,'102','TONAYA','14'),(409,'105','TOTOTLAN','14'),(410,'107','TUXCUECA','14'),(411,'108','TUXPAN','14'),(412,'109','UNION DE SAN','14'),(413,'110','UNION DE TULA','14'),(414,'114','VILLA CORONA','14'),(415,'116','VILLA HIDALGO','14'),(416,'119','ZACOALCO DE T','14'),(417,'120','ZAPOPAN','14'),(418,'121','ZAPOTILTIC','14'),(419,'123','ZAPOTLAN DEL','14'),(420,'124','ZAPOTLANEJO','14'),(421,'001','ACAMBAY','15'),(422,'002','ACOLMAN','15'),(423,'003','ACULCO','15'),(424,'004','ALMOLOYA DE A','15'),(425,'005','ALMOLOYA DE J','15'),(426,'006','ALMOLOYA DEL','15'),(427,'007','AMANALCO','15'),(428,'008','AMATEPEC','15'),(429,'009','AMECAMECA','15'),(430,'010','APAXCO','15'),(431,'011','ATENCO','15'),(432,'012','ATIZAPAN','15'),(433,'013','ATIZAPAN DE Z','15'),(434,'014','ATLACOMULCO','15'),(435,'015','ATLAUTLA','15'),(436,'016','AXAPUSCO','15'),(437,'017','AYAPANGO','15'),(438,'018','CALIMAYA','15'),(439,'019','CAPULHUAC','15'),(440,'020','COACALCO DE B','15'),(441,'021','COATEPEC HARI','15'),(442,'022','COCOTITLAN','15'),(443,'023','COYOTEPEC','15'),(444,'024','CUAUTITLAN','15'),(445,'025','CHALCO','15'),(446,'026','CHAPA DE MOTA','15'),(447,'027','CHAPULTEPEC','15'),(448,'028','CHIAUTLA','15'),(449,'029','CHICOLOAPAN','15'),(450,'030','CHICONCUAC','15'),(451,'031','CHIMALHUACAN','15'),(452,'032','DONATO GUERRA','15'),(453,'033','ECATEPEC DE M','15'),(454,'034','ECATZINGO','15'),(455,'035','HUEHUETOCA','15'),(456,'036','HUEYPOXTLA','15'),(457,'037','HUIXQUILUCAN','15'),(458,'038','ISIDRO FABELA','15'),(459,'039','IXTAPALUCA','15'),(460,'040','IXTAPAN DE LA','15'),(461,'041','IXTAPAN DEL O','15'),(462,'042','IXTLAHUACA','15'),(463,'043','XALATLACO','15'),(464,'044','JALTENCO','15'),(465,'045','JILOTEPEC','15'),(466,'046','JILOTZINGO','15'),(467,'047','JIQUIPILCO','15'),(468,'048','JOCOTITLAN','15'),(469,'049','JOQUICINGO','15'),(470,'050','JUCHITEPEC','15'),(471,'051','LERMA','15'),(472,'052','MALINALCO','15'),(473,'053','MELCHOR OCAMP','15'),(474,'054','METEPEC','15'),(475,'055','MEXICALTZINGO','15'),(476,'056','MORELOS','15'),(477,'057','NAUCALPAN DE','15'),(478,'058','NEZAHUALCOYOT','15'),(479,'059','NEXTLALPAN','15'),(480,'060','NICOLAS ROMER','15'),(481,'061','NOPALTEPEC','15'),(482,'062','OCOYOACAC','15'),(483,'063','OCUILAN','15'),(484,'064','EL ORO','15'),(485,'065','OTUMBA','15'),(486,'067','OTZOLOTEPEC','15'),(487,'068','OZUMBA','15'),(488,'069','PAPALOTLA','15'),(489,'070','LA PAZ','15'),(490,'071','POLOTITLAN','15'),(491,'072','RAYON','15'),(492,'073','SAN ANTONIO L','15'),(493,'074','SAN FELIPE DE','15'),(494,'075','SAN MARTIN DE','15'),(495,'076','SAN MATEO ATE','15'),(496,'077','SAN SIMON DE','15'),(497,'078','SANTO TOMAS','15'),(498,'079','SOYANIQUILPAN','15'),(499,'080','SULTEPEC','15'),(500,'081','TECAMAC','15'),(501,'082','TEJUPILCO','15'),(502,'083','TEMAMATLA','15'),(503,'084','TEMASCALAPA','15'),(504,'085','TEMASCALCINGO','15'),(505,'086','TEMASCALTEPEC','15'),(506,'087','TEMOAYA','15'),(507,'088','TENANCINGO','15'),(508,'089','TENANGO DEL A','15'),(509,'090','TENANGO DEL V','15'),(510,'091','TEOLOYUCAN','15'),(511,'092','TEOTIHUACAN','15'),(512,'093','TEPETLAOXTOC','15'),(513,'094','TEPETLIXPA','15'),(514,'095','TEPOTZOTLAN','15'),(515,'096','TEQUIXQUIAC','15'),(516,'097','TEXCALTITLAN','15'),(517,'098','TEXCALYACAC','15'),(518,'099','TEXCOCO','15'),(519,'100','TEZOYUCA','15'),(520,'101','TIANGUISTENCO','15'),(521,'102','TIMILPAN','15'),(522,'103','TLALMANALCO','15'),(523,'104','TLALNEPANTLA','15'),(524,'106','TOLUCA','15'),(525,'107','TONATICO','15'),(526,'108','TULTEPEC','15'),(527,'109','TULTITLAN','15'),(528,'110','VALLE DE BRAV','15'),(529,'111','VILLA DE ALLE','15'),(530,'112','VILLA DEL CAR','15'),(531,'113','VILLA GUERRER','15'),(532,'114','VILLA VICTORI','15'),(533,'115','XONACATLAN','15'),(534,'117','ZACUALPAN','15'),(535,'118','ZINACANTEPEC','15'),(536,'119','ZUMPAHUACAN','15'),(537,'120','ZUMPANGO','15'),(538,'121','CUAUTITLAN IZ','15'),(539,'122','VALLE DE CHAL','15'),(540,'124','SAN JOSE DEL','15'),(541,'125','TONANITLA','15'),(542,'001','ACUITZIO','16'),(543,'003','ALVARO OBREGO','16'),(544,'004','ANGAMACUTIRO','16'),(545,'005','ANGANGUEO','16'),(546,'006','APATZINGAN','16'),(547,'007','APORO','16'),(548,'009','ARIO','16'),(549,'010','ARTEAGA','16'),(550,'011','BRISENAS','16'),(551,'012','BUENAVISTA','16'),(552,'013','CARACUARO','16'),(553,'014','COAHUAYANA','16'),(554,'015','COALCOMAN DE','16'),(555,'017','CONTEPEC','16'),(556,'018','COPANDARO','16'),(557,'019','COTIJA','16'),(558,'020','CUITZEO','16'),(559,'021','CHARAPAN','16'),(560,'023','CHAVINDA','16'),(561,'024','CHERAN','16'),(562,'025','CHILCHOTA','16'),(563,'028','CHURINTZIO','16'),(564,'029','CHURUMUCO','16'),(565,'032','ERONGARICUARO','16'),(566,'033','GABRIEL ZAMOR','16'),(567,'034','HIDALGO','16'),(568,'035','LA HUACANA','16'),(569,'036','HUANDACAREO','16'),(570,'037','HUANIQUEO','16'),(571,'039','HUIRAMBA','16'),(572,'040','INDAPARAPEO','16'),(573,'041','IRIMBO','16'),(574,'042','IXTLAN','16'),(575,'043','JACONA','16'),(576,'045','JIQUILPAN','16'),(577,'046','JUAREZ','16'),(578,'047','JUNGAPEO','16'),(579,'048','LAGUNILLAS','16'),(580,'049','MADERO','16'),(581,'050','MARAVATIO','16'),(582,'051','MARCOS CASTEL','16'),(583,'052','LAZARO CARDEN','16'),(584,'053','MORELIA','16'),(585,'055','MUGICA','16'),(586,'056','NAHUATZEN','16'),(587,'057','NOCUPETARO','16'),(588,'058','NUEVO PARANGA','16'),(589,'059','NUEVO URECHO','16'),(590,'060','NUMARAN','16'),(591,'061','OCAMPO','16'),(592,'062','PAJACUARAN','16'),(593,'064','PARACUARO','16'),(594,'065','PARACHO','16'),(595,'066','PATZCUARO','16'),(596,'068','PERIBAN','16'),(597,'069','LA PIEDAD','16'),(598,'070','PUREPERO','16'),(599,'071','PURUANDIRO','16'),(600,'073','QUIROGA','16'),(601,'075','LOS REYES','16'),(602,'077','SAN LUCAS','16'),(603,'078','SANTA ANA MAY','16'),(604,'079','SALVADOR ESCA','16'),(605,'080','SENGUIO','16'),(606,'082','TACAMBARO','16'),(607,'083','TANCITARO','16'),(608,'084','TANGAMANDAPIO','16'),(609,'085','TANGANCICUARO','16'),(610,'086','TANHUATO','16'),(611,'087','TARETAN','16'),(612,'088','TARIMBARO','16'),(613,'089','TEPALCATEPEC','16'),(614,'090','TINGAMBATO','16'),(615,'093','TLALPUJAHUA','16'),(616,'094','TLAZAZALCA','16'),(617,'095','TOCUMBO','16'),(618,'097','TURICATO','16'),(619,'098','TUXPAN','16'),(620,'100','TZINTZUNTZAN','16'),(621,'102','URUAPAN','16'),(622,'103','VENUSTIANO CA','16'),(623,'104','VILLAMAR','16'),(624,'105','VISTA HERMOSA','16'),(625,'106','YURECUARO','16'),(626,'107','ZACAPU','16'),(627,'108','ZAMORA','16'),(628,'109','ZINAPARO','16'),(629,'110','ZINAPECUARO','16'),(630,'111','ZIRACUARETIRO','16'),(631,'112','ZITACUARO','16'),(632,'001','AMACUZAC','17'),(633,'002','ATLATLAHUCAN','17'),(634,'003','AXOCHIAPAN','17'),(635,'004','AYALA','17'),(636,'005','COATLAN DEL R','17'),(637,'006','CUAUTLA','17'),(638,'007','CUERNAVACA','17'),(639,'008','EMILIANO ZAPA','17'),(640,'009','HUITZILAC','17'),(641,'010','JANTETELCO','17'),(642,'011','JIUTEPEC','17'),(643,'012','JOJUTLA','17'),(644,'013','JONACATEPEC','17'),(645,'014','MAZATEPEC','17'),(646,'015','MIACATLAN','17'),(647,'016','OCUITUCO','17'),(648,'017','PUENTE DE IXT','17'),(649,'018','TEMIXCO','17'),(650,'019','TEPALCINGO','17'),(651,'020','TEPOZTLAN','17'),(652,'021','TETECALA','17'),(653,'022','TETELA DEL VO','17'),(654,'023','TLALNEPANTLA','17'),(655,'024','TLALTIZAPAN D','17'),(656,'025','TLAQUILTENANG','17'),(657,'026','TLAYACAPAN','17'),(658,'027','TOTOLAPAN','17'),(659,'028','XOCHITEPEC','17'),(660,'029','YAUTEPEC','17'),(661,'030','YECAPIXTLA','17'),(662,'031','ZACATEPEC','17'),(663,'032','ZACUALPAN','17'),(664,'033','TEMOAC','17'),(665,'001','ACAPONETA','18'),(666,'002','AHUACATLAN','18'),(667,'004','COMPOSTELA','18'),(668,'005','HUAJICORI','18'),(669,'006','IXTLAN DEL RI','18'),(670,'007','JALA','18'),(671,'008','XALISCO','18'),(672,'010','ROSAMORADA','18'),(673,'011','RUIZ','18'),(674,'012','SAN BLAS','18'),(675,'014','SANTA MARIA D','18'),(676,'015','SANTIAGO IXCU','18'),(677,'016','TECUALA','18'),(678,'017','TEPIC','18'),(679,'018','TUXPAN','18'),(680,'020','BAHIA DE BAND','18'),(681,'001','ABASOLO','19'),(682,'004','ALLENDE','19'),(683,'006','APODACA','19'),(684,'007','ARAMBERRI','19'),(685,'008','BUSTAMANTE','19'),(686,'009','CADEREYTA JIM','19'),(687,'010','CARMEN','19'),(688,'012','CIENEGA DE FL','19'),(689,'013','CHINA','19'),(690,'014','DR. ARROYO','19'),(691,'016','DR. GONZALEZ','19'),(692,'017','GALEANA','19'),(693,'018','GARCIA','19'),(694,'019','SAN PEDRO GAR','19'),(695,'020','GRAL. BRAVO','19'),(696,'021','GRAL. ESCOBED','19'),(697,'022','GRAL. TERAN','19'),(698,'024','GRAL. ZARAGOZ','19'),(699,'025','GRAL. ZUAZUA','19'),(700,'026','GUADALUPE','19'),(701,'028','HIGUERAS','19'),(702,'029','HUALAHUISES','19'),(703,'030','ITURBIDE','19'),(704,'031','JUAREZ','19'),(705,'032','LAMPAZOS DE N','19'),(706,'033','LINARES','19'),(707,'034','MARIN','19'),(708,'036','MIER Y NORIEG','19'),(709,'037','MINA','19'),(710,'038','MONTEMORELOS','19'),(711,'039','MONTERREY','19'),(712,'041','PESQUERIA','19'),(713,'044','SABINAS HIDAL','19'),(714,'045','SALINAS VICTO','19'),(715,'046','SAN NICOLAS D','19'),(716,'047','HIDALGO','19'),(717,'048','SANTA CATARIN','19'),(718,'049','SANTIAGO','19'),(719,'002','ACATLAN DE PE','20'),(720,'005','ASUNCION IXTA','20'),(721,'006','ASUNCION NOCH','20'),(722,'010','EL BARRIO DE','20'),(723,'012','CANDELARIA LO','20'),(724,'013','CIENEGA DE ZI','20'),(725,'014','CIUDAD IXTEPE','20'),(726,'021','COSOLAPA','20'),(727,'023','CUILAPAM DE G','20'),(728,'025','CHAHUITES','20'),(729,'028','HEROICA CIUDA','20'),(730,'030','EL ESPINAL','20'),(731,'033','GUADALUPE ETL','20'),(732,'039','HEROICA CIUDA','20'),(733,'043','HEROICA CIUDA','20'),(734,'044','LOMA BONITA','20'),(735,'045','MAGDALENA APA','20'),(736,'052','MAGDALENA TEQ','20'),(737,'053','MAGDALENA TLA','20'),(738,'056','MARTIRES DE T','20'),(739,'057','MATIAS ROMERO','20'),(740,'059','MIAHUATLAN DE','20'),(741,'063','NAZARENO ETLA','20'),(742,'067','OAXACA DE JUA','20'),(743,'068','OCOTLAN DE MO','20'),(744,'070','PINOTEPA DE D','20'),(745,'071','PLUMA HIDALGO','20'),(746,'072','SAN JOSE DEL','20'),(747,'075','REFORMA DE PI','20'),(748,'077','REYES ETLA','20'),(749,'078','ROJAS DE CUAU','20'),(750,'079','SALINA CRUZ','20'),(751,'082','SAN AGUSTIN C','20'),(752,'083','SAN AGUSTIN D','20'),(753,'084','SAN AGUSTIN E','20'),(754,'085','SAN AGUSTIN L','20'),(755,'087','SAN AGUSTIN Y','20'),(756,'089','SAN ANDRES DI','20'),(757,'090','SAN ANDRES HU','20'),(758,'091','SAN ANDRES HU','20'),(759,'092','SAN ANDRES IX','20'),(760,'095','SAN ANDRES PA','20'),(761,'096','SAN ANDRES SI','20'),(762,'102','SAN ANDRES ZA','20'),(763,'103','SAN ANTONINO','20'),(764,'107','SAN ANTONIO D','20'),(765,'111','SAN ANTONIO T','20'),(766,'115','SAN BARTOLO C','20'),(767,'124','SAN BLAS ATEM','20'),(768,'125','SAN CARLOS YA','20'),(769,'131','SAN DIONISIO','20'),(770,'134','SAN FELIPE JA','20'),(771,'135','SAN FELIPE TE','20'),(772,'140','SAN FRANCISCO','20'),(773,'143','SAN FRANCISCO','20'),(774,'145','SAN FRANCISCO','20'),(775,'150','SAN FRANCISCO','20'),(776,'153','SAN GABRIEL M','20'),(777,'157','SAN JACINTO A','20'),(778,'160','SAN JERONIMO','20'),(779,'161','SAN JERONIMO','20'),(780,'165','SAN JOSE AYUQ','20'),(781,'166','SAN JOSE CHIL','20'),(782,'167','SAN JOSE DEL','20'),(783,'174','ANIMAS TRUJAN','20'),(784,'177','SAN JUAN BAUT','20'),(785,'178','SAN JUAN BAUT','20'),(786,'179','SAN JUAN BAUT','20'),(787,'180','SAN JUAN BAUT','20'),(788,'184','SAN JUAN BAUT','20'),(789,'185','SAN JUAN CACA','20'),(790,'188','SAN JUAN COLO','20'),(791,'190','SAN JUAN COTZ','20'),(792,'193','SAN JUAN DEL','20'),(793,'197','SAN JUAN GUEL','20'),(794,'198','SAN JUAN GUIC','20'),(795,'202','SAN JUAN LACH','20'),(796,'205','SAN JUAN LALA','20'),(797,'206','SAN JUAN DE L','20'),(798,'207','SAN JUAN MAZA','20'),(799,'224','SAN JUAN YUCU','20'),(800,'225','SAN LORENZO','20'),(801,'227','SAN LORENZO C','20'),(802,'232','SAN LUCAS OJI','20'),(803,'237','SAN MARCOS AR','20'),(804,'244','SAN MARTIN TO','20'),(805,'248','SAN MATEO DEL','20'),(806,'254','SAN MATEO RIO','20'),(807,'266','SAN MIGUEL DE','20'),(808,'272','SAN MIGUEL PA','20'),(809,'277','VILLA SOLA DE','20'),(810,'278','SAN MIGUEL SO','20'),(811,'279','SAN MIGUEL SU','20'),(812,'285','SAN MIGUEL TL','20'),(813,'293','SAN PABLO ETL','20'),(814,'294','SAN PABLO HUI','20'),(815,'295','SAN PABLO HUI','20'),(816,'298','SAN PABLO VIL','20'),(817,'300','SAN PEDRO AMU','20'),(818,'302','SAN PEDRO ATO','20'),(819,'305','SAN PEDRO COM','20'),(820,'307','SAN PEDRO HUA','20'),(821,'308','SAN PEDRO HUI','20'),(822,'309','SAN PEDRO IXC','20'),(823,'310','SAN PEDRO IXT','20'),(824,'312','SAN PEDRO JIC','20'),(825,'318','SAN PEDRO MIX','20'),(826,'324','SAN PEDRO POC','20'),(827,'327','SAN PEDRO TAP','20'),(828,'334','VILLA DE TUTU','20'),(829,'338','VILLA DE ETLA','20'),(830,'339','SAN PEDRO Y S','20'),(831,'342','SAN RAYMUNDO','20'),(832,'343','SAN SEBASTIAN','20'),(833,'345','SAN SEBASTIAN','20'),(834,'347','SAN SEBASTIAN','20'),(835,'350','SAN SEBASTIAN','20'),(836,'356','SANTA ANA DEL','20'),(837,'360','SANTA ANA ZEG','20'),(838,'362','SANTA CATARIN','20'),(839,'363','SANTA CATARIN','20'),(840,'364','SANTA CATARIN','20'),(841,'367','SANTA CATARIN','20'),(842,'369','SANTA CATARIN','20'),(843,'375','SANTA CRUZ AM','20'),(844,'380','SANTA CRUZ PA','20'),(845,'384','SANTA CRUZ XI','20'),(846,'385','SANTA CRUZ XO','20'),(847,'390','SANTA LUCIA D','20'),(848,'391','SANTA LUCIA M','20'),(849,'398','AYOQUEZCO DE','20'),(850,'399','SANTA MARIA A','20'),(851,'400','SANTA MARIA C','20'),(852,'401','SANTA MARIA C','20'),(853,'403','SANTA MARIA C','20'),(854,'409','SANTA MARIA D','20'),(855,'413','SANTA MARIA H','20'),(856,'414','SANTA MARIA H','20'),(857,'417','SANTA MARIA J','20'),(858,'418','SANTA MARIA J','20'),(859,'421','SANTA MARIA M','20'),(860,'427','SANTA MARIA P','20'),(861,'431','SANTA MARIA T','20'),(862,'436','SANTA MARIA T','20'),(863,'439','SANTA MARIA T','20'),(864,'441','SANTA MARIA X','20'),(865,'447','SANTA MARIA Z','20'),(866,'453','SANTIAGO ASTA','20'),(867,'455','SANTIAGO AYUQ','20'),(868,'456','SANTIAGO CACA','20'),(869,'462','SANTIAGO HUAJ','20'),(870,'467','SANTIAGO JAMI','20'),(871,'468','SANTIAGO JOCO','20'),(872,'472','SANTIAGO LAOL','20'),(873,'474','SANTIAGO LLAN','20'),(874,'476','SANTIAGO MILT','20'),(875,'478','SANTIAGO NACA','20'),(876,'482','SANTIAGO PINO','20'),(877,'483','SANTIAGO SUCH','20'),(878,'485','SANTIAGO TAPE','20'),(879,'489','SANTIAGO TETE','20'),(880,'497','SANTIAGO YAIT','20'),(881,'505','SANTO DOMINGO','20'),(882,'508','SANTO DOMINGO','20'),(883,'509','SANTO DOMINGO','20'),(884,'513','SANTO DOMINGO','20'),(885,'515','SANTO DOMINGO','20'),(886,'519','SANTO DOMINGO','20'),(887,'520','SANTO DOMINGO','20'),(888,'521','SANTO DOMINGO','20'),(889,'523','SANTO DOMINGO','20'),(890,'525','SANTO DOMINGO','20'),(891,'526','SANTOS REYES','20'),(892,'527','SANTOS REYES','20'),(893,'530','SANTO TOMAS J','20'),(894,'531','SANTO TOMAS M','20'),(895,'533','SANTO TOMAS T','20'),(896,'539','SOLEDAD ETLA','20'),(897,'540','VILLA DE TAMA','20'),(898,'544','TEOCOCUILCO D','20'),(899,'545','TEOTITLAN DE','20'),(900,'546','TEOTITLAN DEL','20'),(901,'549','TEZOATLAN DE','20'),(902,'550','SAN JERONIMO','20'),(903,'551','TLACOLULA DE','20'),(904,'553','TLALIXTAC DE','20'),(905,'555','TRINIDAD ZAAC','20'),(906,'557','UNION HIDALGO','20'),(907,'558','VALERIO TRUJA','20'),(908,'559','SAN JUAN BAUT','20'),(909,'560','VILLA DIAZ OR','20'),(910,'565','VILLA DE ZAAC','20'),(911,'570','ZIMATLAN DE A','20'),(912,'001','ACAJETE','21'),(913,'002','ACATENO','21'),(914,'003','ACATLAN','21'),(915,'004','ACATZINGO','21'),(916,'005','ACTEOPAN','21'),(917,'006','AHUACATLAN','21'),(918,'007','AHUATLAN','21'),(919,'008','AHUAZOTEPEC','21'),(920,'010','AJALPAN','21'),(921,'012','ALJOJUCA','21'),(922,'013','ALTEPEXI','21'),(923,'014','AMIXTLAN','21'),(924,'015','AMOZOC','21'),(925,'016','AQUIXTLA','21'),(926,'017','ATEMPAN','21'),(927,'018','ATEXCAL','21'),(928,'019','ATLIXCO','21'),(929,'020','ATOYATEMPAN','21'),(930,'021','ATZALA','21'),(931,'022','ATZITZIHUACAN','21'),(932,'023','ATZITZINTLA','21'),(933,'024','AXUTLA','21'),(934,'025','AYOTOXCO DE G','21'),(935,'026','CALPAN','21'),(936,'027','CALTEPEC','21'),(937,'028','CAMOCUAUTLA','21'),(938,'029','CAXHUACAN','21'),(939,'033','COHUECAN','21'),(940,'034','CORONANGO','21'),(941,'035','COXCATLAN','21'),(942,'038','CUAPIAXTLA DE','21'),(943,'040','CUAUTINCHAN','21'),(944,'041','CUAUTLANCINGO','21'),(945,'043','CUETZALAN DEL','21'),(946,'044','CUYOACO','21'),(947,'045','CHALCHICOMULA','21'),(948,'046','CHAPULCO','21'),(949,'047','CHIAUTLA','21'),(950,'048','CHIAUTZINGO','21'),(951,'049','CHICONCUAUTLA','21'),(952,'050','CHICHIQUILA','21'),(953,'051','CHIETLA','21'),(954,'052','CHIGMECATITLA','21'),(955,'053','CHIGNAHUAPAN','21'),(956,'054','CHIGNAUTLA','21'),(957,'055','CHILA','21'),(958,'058','CHILCHOTLA','21'),(959,'059','CHINANTLA','21'),(960,'060','DOMINGO ARENA','21'),(961,'062','EPATLAN','21'),(962,'063','ESPERANZA','21'),(963,'065','GENERAL FELIP','21'),(964,'066','GUADALUPE','21'),(965,'067','GUADALUPE VIC','21'),(966,'069','HUAQUECHULA','21'),(967,'070','HUATLATLAUCA','21'),(968,'071','HUAUCHINANGO','21'),(969,'072','HUEHUETLA','21'),(970,'073','HUEHUETLAN EL','21'),(971,'074','HUEJOTZINGO','21'),(972,'075','HUEYAPAN','21'),(973,'076','HUEYTAMALCO','21'),(974,'078','HUITZILAN DE','21'),(975,'079','HUITZILTEPEC','21'),(976,'080','ATLEQUIZAYAN','21'),(977,'082','IXCAQUIXTLA','21'),(978,'083','IXTACAMAXTITL','21'),(979,'084','IXTEPEC','21'),(980,'085','IZUCAR DE MAT','21'),(981,'086','JALPAN','21'),(982,'087','JOLALPAN','21'),(983,'088','JONOTLA','21'),(984,'089','JOPALA','21'),(985,'090','JUAN C. BONIL','21'),(986,'091','JUAN GALINDO','21'),(987,'093','LAFRAGUA','21'),(988,'094','LIBRES','21'),(989,'096','MAZAPILTEPEC','21'),(990,'097','MIXTLA','21'),(991,'098','MOLCAXAC','21'),(992,'099','CANADA MORELO','21'),(993,'100','NAUPAN','21'),(994,'101','NAUZONTLA','21'),(995,'102','NEALTICAN','21'),(996,'103','NICOLAS BRAVO','21'),(997,'104','NOPALUCAN','21'),(998,'106','OCOYUCAN','21'),(999,'107','OLINTLA','21'),(1000,'108','ORIENTAL','21'),(1001,'109','PAHUATLAN','21'),(1002,'110','PALMAR DE BRA','21'),(1003,'112','PETLALCINGO','21'),(1004,'113','PIAXTLA','21'),(1005,'114','PUEBLA','21'),(1006,'115','QUECHOLAC','21'),(1007,'116','QUIMIXTLAN','21'),(1008,'117','RAFAEL LARA G','21'),(1009,'118','LOS REYES DE','21'),(1010,'119','SAN ANDRES CH','21'),(1011,'122','SAN FELIPE TE','21'),(1012,'124','SAN GABRIEL C','21'),(1013,'125','SAN GREGORIO','21'),(1014,'126','SAN JERONIMO','21'),(1015,'128','SAN JOSE CHIA','21'),(1016,'129','SAN JOSE MIAH','21'),(1017,'130','SAN JUAN ATEN','21'),(1018,'131','SAN JUAN ATZO','21'),(1019,'132','SAN MARTIN TE','21'),(1020,'133','SAN MARTIN TO','21'),(1021,'134','SAN MATIAS TL','21'),(1022,'136','SAN MIGUEL XO','21'),(1023,'137','SAN NICOLAS B','21'),(1024,'138','SAN NICOLAS D','21'),(1025,'139','SAN PABLO ANI','21'),(1026,'140','SAN PEDRO CHO','21'),(1027,'141','SAN PEDRO YEL','21'),(1028,'142','SAN SALVADOR','21'),(1029,'143','SAN SALVADOR','21'),(1030,'144','SAN SALVADOR','21'),(1031,'146','SANTA CATARIN','21'),(1032,'147','SANTA INES AH','21'),(1033,'148','SANTA ISABEL','21'),(1034,'149','SANTIAGO MIAH','21'),(1035,'151','SANTO TOMAS H','21'),(1036,'152','SOLTEPEC','21'),(1037,'153','TECALI DE HER','21'),(1038,'154','TECAMACHALCO','21'),(1039,'156','TEHUACAN','21'),(1040,'157','TEHUITZINGO','21'),(1041,'158','TENAMPULCO','21'),(1042,'159','TEOPANTLAN','21'),(1043,'160','TEOTLALCO','21'),(1044,'161','TEPANCO DE LO','21'),(1045,'162','TEPANGO DE RO','21'),(1046,'163','TEPATLAXCO DE','21'),(1047,'164','TEPEACA','21'),(1048,'166','TEPEOJUMA','21'),(1049,'167','TEPETZINTLA','21'),(1050,'168','TEPEXCO','21'),(1051,'169','TEPEXI DE ROD','21'),(1052,'170','TEPEYAHUALCO','21'),(1053,'171','TEPEYAHUALCO','21'),(1054,'172','TETELA DE OCA','21'),(1055,'173','TETELES DE AV','21'),(1056,'174','TEZIUTLAN','21'),(1057,'175','TIANGUISMANAL','21'),(1058,'176','TILAPA','21'),(1059,'177','TLACOTEPEC DE','21'),(1060,'178','TLACUILOTEPEC','21'),(1061,'179','TLACHICHUCA','21'),(1062,'180','TLAHUAPAN','21'),(1063,'181','TLALTENANGO','21'),(1064,'182','TLANEPANTLA','21'),(1065,'183','TLAOLA','21'),(1066,'185','TLAPANALA','21'),(1067,'186','TLATLAUQUITEP','21'),(1068,'188','TOCHIMILCO','21'),(1069,'189','TOCHTEPEC','21'),(1070,'191','TULCINGO','21'),(1071,'192','TUZAMAPAN DE','21'),(1072,'193','TZICATLACOYAN','21'),(1073,'194','VENUSTIANO CA','21'),(1074,'195','VICENTE GUERR','21'),(1075,'196','XAYACATLAN DE','21'),(1076,'197','XICOTEPEC','21'),(1077,'199','XIUTETELCO','21'),(1078,'200','XOCHIAPULCO','21'),(1079,'201','XOCHILTEPEC','21'),(1080,'202','XOCHITLAN DE','21'),(1081,'203','XOCHITLAN TOD','21'),(1082,'204','YAONAHUAC','21'),(1083,'205','YEHUALTEPEC','21'),(1084,'206','ZACAPALA','21'),(1085,'207','ZACAPOAXTLA','21'),(1086,'208','ZACATLAN','21'),(1087,'209','ZAPOTITLAN','21'),(1088,'210','ZAPOTITLAN DE','21'),(1089,'211','ZARAGOZA','21'),(1090,'212','ZAUTLA','21'),(1091,'213','ZIHUATEUTLA','21'),(1092,'214','ZINACATEPEC','21'),(1093,'215','ZONGOZOTLA','21'),(1094,'216','ZOQUIAPAN','21'),(1095,'001','AMEALCO DE BO','22'),(1096,'002','PINAL DE AMOL','22'),(1097,'003','ARROYO SECO','22'),(1098,'004','CADEREYTA DE','22'),(1099,'005','COLON','22'),(1100,'006','CORREGIDORA','22'),(1101,'007','EZEQUIEL MONT','22'),(1102,'008','HUIMILPAN','22'),(1103,'010','LANDA DE MATA','22'),(1104,'011','EL MARQUES','22'),(1105,'012','PEDRO ESCOBED','22'),(1106,'013','PENAMILLER','22'),(1107,'014','QUERETARO','22'),(1108,'015','SAN JOAQUIN','22'),(1109,'016','SAN JUAN DEL','22'),(1110,'017','TEQUISQUIAPAN','22'),(1111,'018','TOLIMAN','22'),(1112,'001','COZUMEL','23'),(1113,'002','FELIPE CARRIL','23'),(1114,'003','ISLA MUJERES','23'),(1115,'004','OTHON P. BLAN','23'),(1116,'005','BENITO JUAREZ','23'),(1117,'006','JOSE MARIA MO','23'),(1118,'007','LAZARO CARDEN','23'),(1119,'008','SOLIDARIDAD','23'),(1120,'009','TULUM','23'),(1121,'010','BACALAR','23'),(1122,'001','AHUALULCO','24'),(1123,'003','AQUISMON','24'),(1124,'005','CARDENAS','24'),(1125,'006','CATORCE','24'),(1126,'007','CEDRAL','24'),(1127,'008','CERRITOS','24'),(1128,'009','CERRO DE SAN','24'),(1129,'011','CIUDAD FERNAN','24'),(1130,'012','TANCANHUITZ','24'),(1131,'013','CIUDAD VALLES','24'),(1132,'015','CHARCAS','24'),(1133,'016','EBANO','24'),(1134,'017','GUADALCAZAR','24'),(1135,'020','MATEHUALA','24'),(1136,'021','MEXQUITIC DE','24'),(1137,'022','MOCTEZUMA','24'),(1138,'023','RAYON','24'),(1139,'024','RIOVERDE','24'),(1140,'025','SALINAS','24'),(1141,'027','SAN CIRO DE A','24'),(1142,'028','SAN LUIS POTO','24'),(1143,'029','SAN MARTIN CH','24'),(1144,'030','SAN NICOLAS T','24'),(1145,'032','SANTA MARIA D','24'),(1146,'033','SANTO DOMINGO','24'),(1147,'035','SOLEDAD DE GR','24'),(1148,'037','TAMAZUNCHALE','24'),(1149,'040','TAMUIN','24'),(1150,'045','VENADO','24'),(1151,'046','VILLA DE ARRI','24'),(1152,'049','VILLA DE RAMO','24'),(1153,'050','VILLA DE REYE','24'),(1154,'051','VILLA HIDALGO','24'),(1155,'053','AXTLA DE TERR','24'),(1156,'055','ZARAGOZA','24'),(1157,'056','VILLA DE ARIS','24'),(1158,'057','MATLAPA','24'),(1159,'058','EL NARANJO','24'),(1160,'001','AHOME','25'),(1161,'004','CONCORDIA','25'),(1162,'005','COSALA','25'),(1163,'006','CULIACAN','25'),(1164,'008','ELOTA','25'),(1165,'009','ESCUINAPA','25'),(1166,'010','EL FUERTE','25'),(1167,'011','GUASAVE','25'),(1168,'012','MAZATLAN','25'),(1169,'013','MOCORITO','25'),(1170,'014','ROSARIO','25'),(1171,'016','SAN IGNACIO','25'),(1172,'017','SINALOA','25'),(1173,'018','NAVOLATO','25'),(1174,'001','ACONCHI','26'),(1175,'002','AGUA PRIETA','26'),(1176,'012','BACUM','26'),(1177,'016','BENJAMIN HILL','26'),(1178,'018','CAJEME','26'),(1179,'025','EMPALME','26'),(1180,'026','ETCHOJOA','26'),(1181,'029','GUAYMAS','26'),(1182,'030','HERMOSILLO','26'),(1183,'033','HUATABAMPO','26'),(1184,'036','MAGDALENA','26'),(1185,'042','NAVOJOA','26'),(1186,'054','SAN JAVIER','26'),(1187,'055','SAN LUIS RIO','26'),(1188,'056','SAN MIGUEL DE','26'),(1189,'058','SANTA ANA','26'),(1190,'071','BENITO JUAREZ','26'),(1191,'072','SAN IGNACIO R','26'),(1192,'001','BALANCAN','27'),(1193,'002','CARDENAS','27'),(1194,'003','CENTLA','27'),(1195,'004','CENTRO','27'),(1196,'005','COMALCALCO','27'),(1197,'006','CUNDUACAN','27'),(1198,'007','EMILIANO ZAPA','27'),(1199,'008','HUIMANGUILLO','27'),(1200,'009','JALAPA','27'),(1201,'010','JALPA DE MEND','27'),(1202,'011','JONUTA','27'),(1203,'012','MACUSPANA','27'),(1204,'013','NACAJUCA','27'),(1205,'014','PARAISO','27'),(1206,'015','TACOTALPA','27'),(1207,'016','TEAPA','27'),(1208,'017','TENOSIQUE','27'),(1209,'001','ABASOLO','28'),(1210,'002','ALDAMA','28'),(1211,'003','ALTAMIRA','28'),(1212,'009','CIUDAD MADERO','28'),(1213,'012','GONZALEZ','28'),(1214,'016','HIDALGO','28'),(1215,'017','JAUMAVE','28'),(1216,'019','LLERA','28'),(1217,'020','MAINERO','28'),(1218,'021','EL MANTE','28'),(1219,'027','NUEVO LAREDO','28'),(1220,'030','PADILLA','28'),(1221,'032','REYNOSA','28'),(1222,'033','RIO BRAVO','28'),(1223,'037','SOTO LA MARIN','28'),(1224,'038','TAMPICO','28'),(1225,'040','VALLE HERMOSO','28'),(1226,'041','VICTORIA','28'),(1227,'042','VILLAGRAN','28'),(1228,'043','XICOTENCATL','28'),(1229,'001','AMAXAC DE GUE','29'),(1230,'002','APETATITLAN D','29'),(1231,'003','ATLANGATEPEC','29'),(1232,'004','ATLTZAYANCA','29'),(1233,'005','APIZACO','29'),(1234,'006','CALPULALPAN','29'),(1235,'007','EL CARMEN TEQ','29'),(1236,'008','CUAPIAXTLA','29'),(1237,'009','CUAXOMULCO','29'),(1238,'010','CHIAUTEMPAN','29'),(1239,'011','MUNOZ DE DOMI','29'),(1240,'012','ESPANITA','29'),(1241,'013','HUAMANTLA','29'),(1242,'014','HUEYOTLIPAN','29'),(1243,'015','IXTACUIXTLA D','29'),(1244,'016','IXTENCO','29'),(1245,'017','MAZATECOCHCO','29'),(1246,'018','CONTLA DE JUA','29'),(1247,'019','TEPETITLA DE','29'),(1248,'020','SANCTORUM DE','29'),(1249,'021','NANACAMILPA D','29'),(1250,'022','ACUAMANALA DE','29'),(1251,'023','NATIVITAS','29'),(1252,'024','PANOTLA','29'),(1253,'025','SAN PABLO DEL','29'),(1254,'026','SANTA CRUZ TL','29'),(1255,'027','TENANCINGO','29'),(1256,'028','TEOLOCHOLCO','29'),(1257,'029','TEPEYANCO','29'),(1258,'030','TERRENATE','29'),(1259,'031','TETLA DE LA S','29'),(1260,'032','TETLATLAHUCA','29'),(1261,'033','TLAXCALA','29'),(1262,'034','TLAXCO','29'),(1263,'035','TOCATLAN','29'),(1264,'036','TOTOLAC','29'),(1265,'037','ZILTLALTEPEC','29'),(1266,'038','TZOMPANTEPEC','29'),(1267,'039','XALOZTOC','29'),(1268,'040','XALTOCAN','29'),(1269,'041','PAPALOTLA DE','29'),(1270,'042','XICOHTZINCO','29'),(1271,'043','YAUHQUEMEHCAN','29'),(1272,'044','ZACATELCO','29'),(1273,'045','BENITO JUAREZ','29'),(1274,'046','EMILIANO ZAPA','29'),(1275,'047','LAZARO CARDEN','29'),(1276,'048','LA MAGDALENA','29'),(1277,'049','SAN DAMIAN TE','29'),(1278,'050','SAN FRANCISCO','29'),(1279,'051','SAN JERONIMO','29'),(1280,'052','SAN JOSE TEAC','29'),(1281,'053','SAN JUAN HUAC','29'),(1282,'054','SAN LORENZO A','29'),(1283,'055','SAN LUCAS TEC','29'),(1284,'056','SANTA ANA NOP','29'),(1285,'057','SANTA APOLONI','29'),(1286,'058','SANTA CATARIN','29'),(1287,'059','SANTA CRUZ QU','29'),(1288,'060','SANTA ISABEL','29'),(1289,'001','ACAJETE','30'),(1290,'002','ACATLAN','30'),(1291,'003','ACAYUCAN','30'),(1292,'004','ACTOPAN','30'),(1293,'005','ACULA','30'),(1294,'006','ACULTZINGO','30'),(1295,'008','ALPATLAHUAC','30'),(1296,'009','ALTO LUCERO D','30'),(1297,'010','ALTOTONGA','30'),(1298,'011','ALVARADO','30'),(1299,'012','AMATITLAN','30'),(1300,'013','NARANJOS AMAT','30'),(1301,'014','AMATLAN DE LO','30'),(1302,'015','ANGEL R. CABA','30'),(1303,'016','LA ANTIGUA','30'),(1304,'017','APAZAPAN','30'),(1305,'021','ATOYAC','30'),(1306,'022','ATZACAN','30'),(1307,'023','ATZALAN','30'),(1308,'024','TLALTETELA','30'),(1309,'025','AYAHUALULCO','30'),(1310,'026','BANDERILLA','30'),(1311,'027','BENITO JUAREZ','30'),(1312,'028','BOCA DEL RIO','30'),(1313,'029','CALCAHUALCO','30'),(1314,'030','CAMERINO Z. M','30'),(1315,'031','CARRILLO PUER','30'),(1316,'032','CATEMACO','30'),(1317,'033','CAZONES DE HE','30'),(1318,'034','CERRO AZUL','30'),(1319,'035','CITLALTEPETL','30'),(1320,'036','COACOATZINTLA','30'),(1321,'037','COAHUITLAN','30'),(1322,'038','COATEPEC','30'),(1323,'039','COATZACOALCOS','30'),(1324,'040','COATZINTLA','30'),(1325,'041','COETZALA','30'),(1326,'042','COLIPA','30'),(1327,'043','COMAPA','30'),(1328,'044','CORDOBA','30'),(1329,'045','COSAMALOAPAN','30'),(1330,'046','COSAUTLAN DE','30'),(1331,'047','COSCOMATEPEC','30'),(1332,'048','COSOLEACAQUE','30'),(1333,'049','COTAXTLA','30'),(1334,'050','COXQUIHUI','30'),(1335,'051','COYUTLA','30'),(1336,'052','CUICHAPA','30'),(1337,'053','CUITLAHUAC','30'),(1338,'054','CHACALTIANGUI','30'),(1339,'055','CHALMA','30'),(1340,'056','CHICONAMEL','30'),(1341,'057','CHICONQUIACO','30'),(1342,'058','CHICONTEPEC','30'),(1343,'059','CHINAMECA','30'),(1344,'060','CHINAMPA DE G','30'),(1345,'061','LAS CHOAPAS','30'),(1346,'062','CHOCAMAN','30'),(1347,'063','CHONTLA','30'),(1348,'065','EMILIANO ZAPA','30'),(1349,'066','ESPINAL','30'),(1350,'068','FORTIN','30'),(1351,'069','GUTIERREZ ZAM','30'),(1352,'070','HIDALGOTITLAN','30'),(1353,'071','HUATUSCO','30'),(1354,'072','HUAYACOCOTLA','30'),(1355,'073','HUEYAPAN DE O','30'),(1356,'074','HUILOAPAN DE','30'),(1357,'075','IGNACIO DE LA','30'),(1358,'077','ISLA','30'),(1359,'078','IXCATEPEC','30'),(1360,'079','IXHUACAN DE L','30'),(1361,'080','IXHUATLAN DEL','30'),(1362,'081','IXHUATLANCILL','30'),(1363,'082','IXHUATLAN DEL','30'),(1364,'083','IXHUATLAN DE','30'),(1365,'084','IXMATLAHUACAN','30'),(1366,'085','IXTACZOQUITLA','30'),(1367,'086','JALACINGO','30'),(1368,'087','XALAPA','30'),(1369,'088','JALCOMULCO','30'),(1370,'089','JALTIPAN','30'),(1371,'090','JAMAPA','30'),(1372,'091','JESUS CARRANZ','30'),(1373,'092','XICO','30'),(1374,'093','JILOTEPEC','30'),(1375,'094','JUAN RODRIGUE','30'),(1376,'095','JUCHIQUE DE F','30'),(1377,'097','LERDO DE TEJA','30'),(1378,'098','MAGDALENA','30'),(1379,'099','MALTRATA','30'),(1380,'100','MANLIO FABIO','30'),(1381,'101','MARIANO ESCOB','30'),(1382,'102','MARTINEZ DE L','30'),(1383,'103','MECATLAN','30'),(1384,'104','MECAYAPAN','30'),(1385,'105','MEDELLIN','30'),(1386,'106','MIAHUATLAN','30'),(1387,'108','MINATITLAN','30'),(1388,'109','MISANTLA','30'),(1389,'110','MIXTLA DE ALT','30'),(1390,'111','MOLOACAN','30'),(1391,'112','NAOLINCO','30'),(1392,'113','NARANJAL','30'),(1393,'114','NAUTLA','30'),(1394,'115','NOGALES','30'),(1395,'116','OLUTA','30'),(1396,'117','OMEALCA','30'),(1397,'118','ORIZABA','30'),(1398,'119','OTATITLAN','30'),(1399,'120','OTEAPAN','30'),(1400,'121','OZULUAMA DE M','30'),(1401,'122','PAJAPAN','30'),(1402,'123','PANUCO','30'),(1403,'124','PAPANTLA','30'),(1404,'125','PASO DEL MACH','30'),(1405,'126','PASO DE OVEJA','30'),(1406,'127','LA PERLA','30'),(1407,'128','PEROTE','30'),(1408,'129','PLATON SANCHE','30'),(1409,'130','PLAYA VICENTE','30'),(1410,'131','POZA RICA DE','30'),(1411,'132','LAS VIGAS DE','30'),(1412,'133','PUEBLO VIEJO','30'),(1413,'134','PUENTE NACION','30'),(1414,'135','RAFAEL DELGAD','30'),(1415,'136','RAFAEL LUCIO','30'),(1416,'138','RIO BLANCO','30'),(1417,'139','SALTABARRANCA','30'),(1418,'140','SAN ANDRES TE','30'),(1419,'141','SAN ANDRES TU','30'),(1420,'142','SAN JUAN EVAN','30'),(1421,'143','SANTIAGO TUXT','30'),(1422,'144','SAYULA DE ALE','30'),(1423,'145','SOCONUSCO','30'),(1424,'146','SOCHIAPA','30'),(1425,'147','SOLEDAD ATZOM','30'),(1426,'148','SOLEDAD DE DO','30'),(1427,'149','SOTEAPAN','30'),(1428,'150','TAMALIN','30'),(1429,'151','TAMIAHUA','30'),(1430,'152','TAMPICO ALTO','30'),(1431,'153','TANCOCO','30'),(1432,'154','TANTIMA','30'),(1433,'155','TANTOYUCA','30'),(1434,'156','TATATILA','30'),(1435,'157','CASTILLO DE T','30'),(1436,'158','TECOLUTLA','30'),(1437,'159','TEHUIPANGO','30'),(1438,'160','ALAMO TEMAPAC','30'),(1439,'161','TEMPOAL','30'),(1440,'162','TENAMPA','30'),(1441,'164','TEOCELO','30'),(1442,'165','TEPATLAXCO','30'),(1443,'166','TEPETLAN','30'),(1444,'167','TEPETZINTLA','30'),(1445,'168','TEQUILA','30'),(1446,'169','JOSE AZUETA','30'),(1447,'172','TEXISTEPEC','30'),(1448,'173','TEZONAPA','30'),(1449,'174','TIERRA BLANCA','30'),(1450,'175','TIHUATLAN','30'),(1451,'176','TLACOJALPAN','30'),(1452,'177','TLACOLULAN','30'),(1453,'178','TLACOTALPAN','30'),(1454,'179','TLACOTEPEC DE','30'),(1455,'181','TLALIXCOYAN','30'),(1456,'182','TLALNELHUAYOC','30'),(1457,'183','TLAPACOYAN','30'),(1458,'185','TLILAPAN','30'),(1459,'186','TOMATLAN','30'),(1460,'187','TONAYAN','30'),(1461,'188','TOTUTLA','30'),(1462,'189','TUXPAN','30'),(1463,'190','TUXTILLA','30'),(1464,'191','URSULO GALVAN','30'),(1465,'192','VEGA DE ALATO','30'),(1466,'193','VERACRUZ','30'),(1467,'194','VILLA ALDAMA','30'),(1468,'196','YANGA','30'),(1469,'197','YECUATLA','30'),(1470,'199','ZARAGOZA','30'),(1471,'200','ZENTLA','30'),(1472,'201','ZONGOLICA','30'),(1473,'202','ZONTECOMATLAN','30'),(1474,'203','ZOZOCOLCO DE','30'),(1475,'204','AGUA DULCE','30'),(1476,'205','EL HIGO','30'),(1477,'206','NANCHITAL DE','30'),(1478,'207','TRES VALLES','30'),(1479,'208','CARLOS A. CAR','30'),(1480,'209','TATAHUICAPAN','30'),(1481,'210','UXPANAPA','30'),(1482,'211','SAN RAFAEL','30'),(1483,'212','SANTIAGO SOCH','30'),(1484,'001','ABALA','31'),(1485,'002','ACANCEH','31'),(1486,'003','AKIL','31'),(1487,'004','BACA','31'),(1488,'005','BOKOBA','31'),(1489,'006','BUCTZOTZ','31'),(1490,'007','CACALCHEN','31'),(1491,'008','CALOTMUL','31'),(1492,'009','CANSAHCAB','31'),(1493,'010','CANTAMAYEC','31'),(1494,'011','CELESTUN','31'),(1495,'012','CENOTILLO','31'),(1496,'013','CONKAL','31'),(1497,'014','CUNCUNUL','31'),(1498,'015','CUZAMA','31'),(1499,'017','CHANKOM','31'),(1500,'018','CHAPAB','31'),(1501,'019','CHEMAX','31'),(1502,'020','CHICXULUB PUE','31'),(1503,'021','CHICHIMILA','31'),(1504,'022','CHIKINDZONOT','31'),(1505,'023','CHOCHOLA','31'),(1506,'024','CHUMAYEL','31'),(1507,'025','DZAN','31'),(1508,'026','DZEMUL','31'),(1509,'027','DZIDZANTUN','31'),(1510,'028','DZILAM DE BRA','31'),(1511,'029','DZILAM GONZAL','31'),(1512,'030','DZITAS','31'),(1513,'031','DZONCAUICH','31'),(1514,'032','ESPITA','31'),(1515,'033','HALACHO','31'),(1516,'034','HOCABA','31'),(1517,'035','HOCTUN','31'),(1518,'036','HOMUN','31'),(1519,'037','HUHI','31'),(1520,'038','HUNUCMA','31'),(1521,'039','IXIL','31'),(1522,'040','IZAMAL','31'),(1523,'041','KANASIN','31'),(1524,'042','KANTUNIL','31'),(1525,'043','KAUA','31'),(1526,'044','KINCHIL','31'),(1527,'045','KOPOMA','31'),(1528,'046','MAMA','31'),(1529,'047','MANI','31'),(1530,'048','MAXCANU','31'),(1531,'049','MAYAPAN','31'),(1532,'050','MERIDA','31'),(1533,'051','MOCOCHA','31'),(1534,'052','MOTUL','31'),(1535,'053','MUNA','31'),(1536,'054','MUXUPIP','31'),(1537,'055','OPICHEN','31'),(1538,'056','OXKUTZCAB','31'),(1539,'057','PANABA','31'),(1540,'058','PETO','31'),(1541,'059','PROGRESO','31'),(1542,'060','QUINTANA ROO','31'),(1543,'061','RIO LAGARTOS','31'),(1544,'063','SAMAHIL','31'),(1545,'066','SANTA ELENA','31'),(1546,'067','SEYE','31'),(1547,'069','SOTUTA','31'),(1548,'070','SUCILA','31'),(1549,'071','SUDZAL','31'),(1550,'072','SUMA','31'),(1551,'074','TAHMEK','31'),(1552,'075','TEABO','31'),(1553,'076','TECOH','31'),(1554,'077','TEKAL DE VENE','31'),(1555,'078','TEKANTO','31'),(1556,'079','TEKAX','31'),(1557,'080','TEKIT','31'),(1558,'081','TEKOM','31'),(1559,'082','TELCHAC PUEBL','31'),(1560,'083','TELCHAC PUERT','31'),(1561,'084','TEMAX','31'),(1562,'085','TEMOZON','31'),(1563,'086','TEPAKAN','31'),(1564,'087','TETIZ','31'),(1565,'088','TEYA','31'),(1566,'089','TICUL','31'),(1567,'090','TIMUCUY','31'),(1568,'091','TINUM','31'),(1569,'092','TIXCACALCUPUL','31'),(1570,'093','TIXKOKOB','31'),(1571,'094','TIXMEHUAC','31'),(1572,'095','TIXPEHUAL','31'),(1573,'096','TIZIMIN','31'),(1574,'098','TZUCACAB','31'),(1575,'099','UAYMA','31'),(1576,'100','UCU','31'),(1577,'101','UMAN','31'),(1578,'102','VALLADOLID','31'),(1579,'103','XOCCHEL','31'),(1580,'104','YAXCABA','31'),(1581,'105','YAXKUKUL','31'),(1582,'005','CALERA','32'),(1583,'009','CHALCHIHUITES','32'),(1584,'016','GENERAL PANFI','32'),(1585,'017','GUADALUPE','32'),(1586,'024','LORETO','32'),(1587,'025','LUIS MOYA','32'),(1588,'032','MORELOS','32'),(1589,'033','MOYAHUA DE ES','32'),(1590,'035','NORIA DE ANGE','32'),(1591,'036','OJOCALIENTE','32'),(1592,'038','PINOS','32'),(1593,'042','SOMBRERETE','32'),(1594,'051','VILLA DE COS','32'),(1595,'052','VILLA GARCIA','32'),(1596,'053','VILLA GONZALE','32'),(1597,'054','VILLA HIDALGO','32'),(1598,'056','ZACATECAS','32'),(1599,'057','TRANCOSO','32');
/*!40000 ALTER TABLE `tbl_county` ENABLE KEYS */;
UNLOCK TABLES;

--
-- Table structure for table `tbl_idf`
--

DROP TABLE IF EXISTS `tbl_idf`;
/*!40101 SET @saved_cs_client     = @@character_set_client */;
 SET character_set_client = utf8mb4 ;
CREATE TABLE `tbl_idf` (
  `pk_fiid` varchar(4) NOT NULL,
  `acquiring_id` varchar(11) DEFAULT NULL,
  `agreement` varchar(255) DEFAULT NULL,
  `current_business_day` varchar(10) DEFAULT NULL,
  `forced_cut_over` varchar(5) DEFAULT NULL,
  `logical_net` varchar(4) DEFAULT NULL,
  `name` varchar(45) DEFAULT NULL,
  `name_long` varchar(150) DEFAULT NULL,
  `next_business_day` varchar(10) DEFAULT NULL,
  `fk_country_code` varchar(3) NOT NULL,
  PRIMARY KEY (`pk_fiid`),
  KEY `FK_COUNTY_CODE` (`fk_country_code`),
  CONSTRAINT `FK_COUNTY_CODE` FOREIGN KEY (`fk_country_code`) REFERENCES `tbl_country` (`pk_country_code`)
) ENGINE=InnoDB DEFAULT CHARSET=utf8mb4 COLLATE=utf8mb4_0900_ai_ci;
/*!40101 SET character_set_client = @saved_cs_client */;

--
-- Dumping data for table `tbl_idf`
--

LOCK TABLES `tbl_idf` WRITE;
/*!40000 ALTER TABLE `tbl_idf` DISABLE KEYS */;
INSERT INTO `tbl_idf` VALUES ('B000','000',NULL,'2020-05-25','21:00','PRO1','Gonet Cloud','Gonet Cloud Apps','2020-05-26','484');
/*!40000 ALTER TABLE `tbl_idf` ENABLE KEYS */;
UNLOCK TABLES;

--
-- Table structure for table `tbl_idf_tbl_apc`
--

DROP TABLE IF EXISTS `tbl_idf_tbl_apc`;
/*!40101 SET @saved_cs_client     = @@character_set_client */;
 SET character_set_client = utf8mb4 ;
CREATE TABLE `tbl_idf_tbl_apc` (
  `tbl_idf_pk_fiid` varchar(4) NOT NULL,
  `apcs_pk_fiid` varchar(4) NOT NULL,
  `apcs_pk_from_acct` varchar(2) NOT NULL,
  `apcs_pk_to_acct` varchar(2) NOT NULL,
  `apcs_pk_tran_code` varchar(2) NOT NULL,
  PRIMARY KEY (`tbl_idf_pk_fiid`,`apcs_pk_fiid`,`apcs_pk_from_acct`,`apcs_pk_to_acct`,`apcs_pk_tran_code`),
  UNIQUE KEY `UK_4aqf46gx1x4dask5atfpc62hl` (`apcs_pk_fiid`,`apcs_pk_from_acct`,`apcs_pk_to_acct`,`apcs_pk_tran_code`),
  CONSTRAINT `FK47ou3hae5fwnb0pr90be4p4od` FOREIGN KEY (`tbl_idf_pk_fiid`) REFERENCES `tbl_idf` (`pk_fiid`),
  CONSTRAINT `FKrhxgqdaktw0vqdk2jww9i54y2` FOREIGN KEY (`apcs_pk_fiid`, `apcs_pk_from_acct`, `apcs_pk_to_acct`, `apcs_pk_tran_code`) REFERENCES `tbl_apc` (`pk_fiid`, `pk_from_acct`, `pk_to_acct`, `pk_tran_code`)
) ENGINE=InnoDB DEFAULT CHARSET=utf8mb4 COLLATE=utf8mb4_0900_ai_ci;
/*!40101 SET character_set_client = @saved_cs_client */;

--
-- Dumping data for table `tbl_idf_tbl_apc`
--

LOCK TABLES `tbl_idf_tbl_apc` WRITE;
/*!40000 ALTER TABLE `tbl_idf_tbl_apc` DISABLE KEYS */;
/*!40000 ALTER TABLE `tbl_idf_tbl_apc` ENABLE KEYS */;
UNLOCK TABLES;

--
-- Table structure for table `tbl_idf_tbl_bank_style`
--

DROP TABLE IF EXISTS `tbl_idf_tbl_bank_style`;
/*!40101 SET @saved_cs_client     = @@character_set_client */;
 SET character_set_client = utf8mb4 ;
CREATE TABLE `tbl_idf_tbl_bank_style` (
  `tbl_idf_pk_fiid` varchar(4) NOT NULL,
  `styles_id` varchar(45) NOT NULL,
  PRIMARY KEY (`tbl_idf_pk_fiid`,`styles_id`),
  UNIQUE KEY `UK_o8w4npah716t79yd5xgvgujy5` (`styles_id`),
  CONSTRAINT `FK5munm6iiohx7s0r5gkfx68cff` FOREIGN KEY (`tbl_idf_pk_fiid`) REFERENCES `tbl_idf` (`pk_fiid`),
  CONSTRAINT `FKtaep6181gvapo0sq253xk8uqa` FOREIGN KEY (`styles_id`) REFERENCES `tbl_bank_style` (`id`)
) ENGINE=InnoDB DEFAULT CHARSET=utf8mb4 COLLATE=utf8mb4_0900_ai_ci;
/*!40101 SET character_set_client = @saved_cs_client */;

--
-- Dumping data for table `tbl_idf_tbl_bank_style`
--

LOCK TABLES `tbl_idf_tbl_bank_style` WRITE;
/*!40000 ALTER TABLE `tbl_idf_tbl_bank_style` DISABLE KEYS */;
/*!40000 ALTER TABLE `tbl_idf_tbl_bank_style` ENABLE KEYS */;
UNLOCK TABLES;

--
-- Table structure for table `tbl_idf_tbl_bin`
--

DROP TABLE IF EXISTS `tbl_idf_tbl_bin`;
/*!40101 SET @saved_cs_client     = @@character_set_client */;
 SET character_set_client = utf8mb4 ;
CREATE TABLE `tbl_idf_tbl_bin` (
  `tbl_idf_pk_fiid` varchar(4) NOT NULL,
  `bins_pk_bin` varchar(11) NOT NULL,
  `bins_pk_bin_len` int(11) NOT NULL,
  `bins_pk_pan_len` int(11) NOT NULL,
  PRIMARY KEY (`tbl_idf_pk_fiid`,`bins_pk_bin`,`bins_pk_bin_len`,`bins_pk_pan_len`),
  UNIQUE KEY `UK_k2vw6bp9k6m16bd68of6aussv` (`bins_pk_bin`,`bins_pk_bin_len`,`bins_pk_pan_len`),
  CONSTRAINT `FKe6n76bgdbrlk1p5u6rkppxq7h` FOREIGN KEY (`bins_pk_bin`, `bins_pk_bin_len`, `bins_pk_pan_len`) REFERENCES `tbl_bin` (`pk_bin`, `pk_bin_len`, `pk_pan_len`),
  CONSTRAINT `FKmpl194wjlrrcsvm70273j3u6q` FOREIGN KEY (`tbl_idf_pk_fiid`) REFERENCES `tbl_idf` (`pk_fiid`)
) ENGINE=InnoDB DEFAULT CHARSET=utf8mb4 COLLATE=utf8mb4_0900_ai_ci;
/*!40101 SET character_set_client = @saved_cs_client */;

--
-- Dumping data for table `tbl_idf_tbl_bin`
--

LOCK TABLES `tbl_idf_tbl_bin` WRITE;
/*!40000 ALTER TABLE `tbl_idf_tbl_bin` DISABLE KEYS */;
/*!40000 ALTER TABLE `tbl_idf_tbl_bin` ENABLE KEYS */;
UNLOCK TABLES;

--
-- Table structure for table `tbl_idf_tbl_images`
--

DROP TABLE IF EXISTS `tbl_idf_tbl_images`;
/*!40101 SET @saved_cs_client     = @@character_set_client */;
 SET character_set_client = utf8mb4 ;
CREATE TABLE `tbl_idf_tbl_images` (
  `tbl_idf_pk_fiid` varchar(4) NOT NULL,
  `images_pk_name` varchar(50) NOT NULL,
  PRIMARY KEY (`tbl_idf_pk_fiid`,`images_pk_name`),
  UNIQUE KEY `UK_jmnalope0jidci22ugs6rx2sn` (`images_pk_name`),
  CONSTRAINT `FKm6phewvllk3eqq18c48x5jddp` FOREIGN KEY (`images_pk_name`) REFERENCES `tbl_images` (`pk_name`),
  CONSTRAINT `FKpkjk1okcojatm7bje3iof5r88` FOREIGN KEY (`tbl_idf_pk_fiid`) REFERENCES `tbl_idf` (`pk_fiid`)
) ENGINE=InnoDB DEFAULT CHARSET=utf8mb4 COLLATE=utf8mb4_0900_ai_ci;
/*!40101 SET character_set_client = @saved_cs_client */;

--
-- Dumping data for table `tbl_idf_tbl_images`
--

LOCK TABLES `tbl_idf_tbl_images` WRITE;
/*!40000 ALTER TABLE `tbl_idf_tbl_images` DISABLE KEYS */;
/*!40000 ALTER TABLE `tbl_idf_tbl_images` ENABLE KEYS */;
UNLOCK TABLES;

--
-- Table structure for table `tbl_idf_tbl_rcpt`
--

DROP TABLE IF EXISTS `tbl_idf_tbl_rcpt`;
/*!40101 SET @saved_cs_client     = @@character_set_client */;
 SET character_set_client = utf8mb4 ;
CREATE TABLE `tbl_idf_tbl_rcpt` (
  `tbl_idf_pk_fiid` varchar(4) NOT NULL,
  `rcpt_pk_fiid` varchar(4) NOT NULL,
  `rcpt_pk_tran_code` varchar(2) NOT NULL,
  PRIMARY KEY (`tbl_idf_pk_fiid`,`rcpt_pk_fiid`,`rcpt_pk_tran_code`),
  UNIQUE KEY `UK_k7wktsnj2tf5jflv40q3i5tl2` (`rcpt_pk_fiid`,`rcpt_pk_tran_code`),
  CONSTRAINT `FK8nesxke5otqem4itygeg0qhiu` FOREIGN KEY (`rcpt_pk_fiid`, `rcpt_pk_tran_code`) REFERENCES `tbl_rcpt` (`pk_fiid`, `pk_tran_code`),
  CONSTRAINT `FKinekt3w573tav1iaxpkqlw42n` FOREIGN KEY (`tbl_idf_pk_fiid`) REFERENCES `tbl_idf` (`pk_fiid`)
) ENGINE=InnoDB DEFAULT CHARSET=utf8mb4 COLLATE=utf8mb4_0900_ai_ci;
/*!40101 SET character_set_client = @saved_cs_client */;

--
-- Dumping data for table `tbl_idf_tbl_rcpt`
--

LOCK TABLES `tbl_idf_tbl_rcpt` WRITE;
/*!40000 ALTER TABLE `tbl_idf_tbl_rcpt` DISABLE KEYS */;
INSERT INTO `tbl_idf_tbl_rcpt` VALUES ('B000','****','00'),('B000','****','01'),('B000','****','31'),('B000','****','65'),('B000','****','94'),('B000','****','96');
/*!40000 ALTER TABLE `tbl_idf_tbl_rcpt` ENABLE KEYS */;
UNLOCK TABLES;

--
-- Table structure for table `tbl_idf_tbl_screen_group`
--

DROP TABLE IF EXISTS `tbl_idf_tbl_screen_group`;
/*!40101 SET @saved_cs_client     = @@character_set_client */;
 SET character_set_client = utf8mb4 ;
CREATE TABLE `tbl_idf_tbl_screen_group` (
  `tbl_idf_pk_fiid` varchar(4) NOT NULL,
  `screens_pk_group_id` varchar(16) NOT NULL,
  PRIMARY KEY (`tbl_idf_pk_fiid`,`screens_pk_group_id`),
  UNIQUE KEY `UK_ebpkyq2v1nw39asp8813xbrec` (`screens_pk_group_id`),
  CONSTRAINT `FK272p7qxy0rdbtdjnm9qp0ebnn` FOREIGN KEY (`tbl_idf_pk_fiid`) REFERENCES `tbl_idf` (`pk_fiid`),
  CONSTRAINT `FKdi3mmiwvh29tqh4q6wgtv00sv` FOREIGN KEY (`screens_pk_group_id`) REFERENCES `tbl_screen_group` (`pk_group_id`)
) ENGINE=InnoDB DEFAULT CHARSET=utf8mb4 COLLATE=utf8mb4_0900_ai_ci;
/*!40101 SET character_set_client = @saved_cs_client */;

--
-- Dumping data for table `tbl_idf_tbl_screen_group`
--

LOCK TABLES `tbl_idf_tbl_screen_group` WRITE;
/*!40000 ALTER TABLE `tbl_idf_tbl_screen_group` DISABLE KEYS */;
/*!40000 ALTER TABLE `tbl_idf_tbl_screen_group` ENABLE KEYS */;
UNLOCK TABLES;

--
-- Table structure for table `tbl_idf_tbl_surcharge`
--

DROP TABLE IF EXISTS `tbl_idf_tbl_surcharge`;
/*!40101 SET @saved_cs_client     = @@character_set_client */;
 SET character_set_client = utf8mb4 ;
CREATE TABLE `tbl_idf_tbl_surcharge` (
  `tbl_idf_pk_fiid` varchar(4) NOT NULL,
  `surcharges_fiid_acquirer` varchar(4) NOT NULL,
  `surcharges_fiid_issuing` varchar(4) NOT NULL,
  `surcharges_tran_code` varchar(2) NOT NULL,
  PRIMARY KEY (`tbl_idf_pk_fiid`,`surcharges_fiid_acquirer`,`surcharges_fiid_issuing`,`surcharges_tran_code`),
  UNIQUE KEY `UK_jw0lrm754u214xf58i58vacei` (`surcharges_fiid_acquirer`,`surcharges_fiid_issuing`,`surcharges_tran_code`),
  CONSTRAINT `FKhy7qdhf7tg7wap800ofb2lvkp` FOREIGN KEY (`tbl_idf_pk_fiid`) REFERENCES `tbl_idf` (`pk_fiid`),
  CONSTRAINT `FKl1xnss49sk6gnhdpafum5fm55` FOREIGN KEY (`surcharges_fiid_acquirer`, `surcharges_fiid_issuing`, `surcharges_tran_code`) REFERENCES `tbl_surcharge` (`fiid_acquirer`, `fiid_issuing`, `tran_code`)
) ENGINE=InnoDB DEFAULT CHARSET=utf8mb4 COLLATE=utf8mb4_0900_ai_ci;
/*!40101 SET character_set_client = @saved_cs_client */;

--
-- Dumping data for table `tbl_idf_tbl_surcharge`
--

LOCK TABLES `tbl_idf_tbl_surcharge` WRITE;
/*!40000 ALTER TABLE `tbl_idf_tbl_surcharge` DISABLE KEYS */;
/*!40000 ALTER TABLE `tbl_idf_tbl_surcharge` ENABLE KEYS */;
UNLOCK TABLES;

--
-- Table structure for table `tbl_images`
--

DROP TABLE IF EXISTS `tbl_images`;
/*!40101 SET @saved_cs_client     = @@character_set_client */;
 SET character_set_client = utf8mb4 ;
CREATE TABLE `tbl_images` (
  `pk_name` varchar(50) NOT NULL,
  `category` varchar(50) DEFAULT NULL,
  `image` longblob,
  PRIMARY KEY (`pk_name`)
) ENGINE=InnoDB DEFAULT CHARSET=utf8mb4 COLLATE=utf8mb4_0900_ai_ci;
/*!40101 SET character_set_client = @saved_cs_client */;

--
-- Dumping data for table `tbl_images`
--

LOCK TABLES `tbl_images` WRITE;
/*!40000 ALTER TABLE `tbl_images` DISABLE KEYS */;
/*!40000 ALTER TABLE `tbl_images` ENABLE KEYS */;
UNLOCK TABLES;

--
-- Table structure for table `tbl_journal`
--

DROP TABLE IF EXISTS `tbl_journal`;
/*!40101 SET @saved_cs_client     = @@character_set_client */;
 SET character_set_client = utf8mb4 ;
CREATE TABLE `tbl_journal` (
  `pk_id_journal` int(11) NOT NULL,
  `message` longtext,
  `terminal_id` varchar(16) DEFAULT NULL,
  `write_date` datetime DEFAULT NULL,
  PRIMARY KEY (`pk_id_journal`)
) ENGINE=InnoDB DEFAULT CHARSET=utf8mb4 COLLATE=utf8mb4_0900_ai_ci;
/*!40101 SET character_set_client = @saved_cs_client */;

--
-- Dumping data for table `tbl_journal`
--

LOCK TABLES `tbl_journal` WRITE;
/*!40000 ALTER TABLE `tbl_journal` DISABLE KEYS */;
/*!40000 ALTER TABLE `tbl_journal` ENABLE KEYS */;
UNLOCK TABLES;

--
-- Table structure for table `tbl_journal_message`
--

DROP TABLE IF EXISTS `tbl_journal_message`;
/*!40101 SET @saved_cs_client     = @@character_set_client */;
 SET character_set_client = utf8mb4 ;
CREATE TABLE `tbl_journal_message` (
  `pk_fiid` varchar(255) NOT NULL,
  `pk_id` varchar(16) NOT NULL,
  `message` varchar(50) DEFAULT NULL,
  PRIMARY KEY (`pk_fiid`,`pk_id`)
) ENGINE=InnoDB DEFAULT CHARSET=utf8mb4 COLLATE=utf8mb4_0900_ai_ci;
/*!40101 SET character_set_client = @saved_cs_client */;

--
-- Dumping data for table `tbl_journal_message`
--

LOCK TABLES `tbl_journal_message` WRITE;
/*!40000 ALTER TABLE `tbl_journal_message` DISABLE KEYS */;
/*!40000 ALTER TABLE `tbl_journal_message` ENABLE KEYS */;
UNLOCK TABLES;

--
-- Table structure for table `tbl_node_tcp`
--

DROP TABLE IF EXISTS `tbl_node_tcp`;
/*!40101 SET @saved_cs_client     = @@character_set_client */;
 SET character_set_client = utf8mb4 ;
CREATE TABLE `tbl_node_tcp` (
  `pk_node_name` varchar(10) NOT NULL,
  `controller` varchar(254) DEFAULT NULL,
  `echo_delay` int(11) DEFAULT NULL,
  `ip` varchar(15) DEFAULT NULL,
  `node_type` varchar(10) DEFAULT NULL,
  `port` int(11) DEFAULT NULL,
  `ssl_enable` bit(1) DEFAULT NULL,
  `timeout` int(11) DEFAULT NULL,
  `tracer_number` int(11) DEFAULT NULL,
  `zpk` varchar(32) DEFAULT NULL,
  PRIMARY KEY (`pk_node_name`)
) ENGINE=InnoDB DEFAULT CHARSET=utf8mb4 COLLATE=utf8mb4_0900_ai_ci;
/*!40101 SET character_set_client = @saved_cs_client */;

--
-- Dumping data for table `tbl_node_tcp`
--

LOCK TABLES `tbl_node_tcp` WRITE;
/*!40000 ALTER TABLE `tbl_node_tcp` DISABLE KEYS */;
INSERT INTO `tbl_node_tcp` VALUES ('MTVK','KeyExchangeManager',0,'172.16.134.130','HKEY',2074,_binary '\0',30,0,'0000000000000000'),('P1C_GON_01','ISOController',0,'172.16.134.130','HISO',2090,_binary '\0',30,0,'D4D1317FC7353A92');
/*!40000 ALTER TABLE `tbl_node_tcp` ENABLE KEYS */;
UNLOCK TABLES;

--
-- Table structure for table `tbl_phone_company`
--

DROP TABLE IF EXISTS `tbl_phone_company`;
/*!40101 SET @saved_cs_client     = @@character_set_client */;
 SET character_set_client = utf8mb4 ;
CREATE TABLE `tbl_phone_company` (
  `pk_name` varchar(255) NOT NULL,
  `surcharge` double DEFAULT NULL,
  PRIMARY KEY (`pk_name`)
) ENGINE=InnoDB DEFAULT CHARSET=utf8mb4 COLLATE=utf8mb4_0900_ai_ci;
/*!40101 SET character_set_client = @saved_cs_client */;

--
-- Dumping data for table `tbl_phone_company`
--

LOCK TABLES `tbl_phone_company` WRITE;
/*!40000 ALTER TABLE `tbl_phone_company` DISABLE KEYS */;
/*!40000 ALTER TABLE `tbl_phone_company` ENABLE KEYS */;
UNLOCK TABLES;

--
-- Table structure for table `tbl_privilege`
--

DROP TABLE IF EXISTS `tbl_privilege`;
/*!40101 SET @saved_cs_client     = @@character_set_client */;
 SET character_set_client = utf8mb4 ;
CREATE TABLE `tbl_privilege` (
  `name` varchar(255) NOT NULL,
  PRIMARY KEY (`name`)
) ENGINE=InnoDB DEFAULT CHARSET=utf8mb4 COLLATE=utf8mb4_0900_ai_ci;
/*!40101 SET character_set_client = @saved_cs_client */;

--
-- Dumping data for table `tbl_privilege`
--

LOCK TABLES `tbl_privilege` WRITE;
/*!40000 ALTER TABLE `tbl_privilege` DISABLE KEYS */;
INSERT INTO `tbl_privilege` VALUES ('atm'),('create'),('delete'),('read'),('socket'),('transactional'),('user-security'),('write');
/*!40000 ALTER TABLE `tbl_privilege` ENABLE KEYS */;
UNLOCK TABLES;

--
-- Table structure for table `tbl_rcpt`
--

DROP TABLE IF EXISTS `tbl_rcpt`;
/*!40101 SET @saved_cs_client     = @@character_set_client */;
 SET character_set_client = utf8mb4 ;
CREATE TABLE `tbl_rcpt` (
  `pk_fiid` varchar(4) NOT NULL,
  `pk_tran_code` varchar(2) NOT NULL,
  `body` longtext,
  `header` longtext,
  `trailer` longtext,
  PRIMARY KEY (`pk_fiid`,`pk_tran_code`)
) ENGINE=InnoDB DEFAULT CHARSET=utf8mb4 COLLATE=utf8mb4_0900_ai_ci;
/*!40101 SET character_set_client = @saved_cs_client */;

--
-- Dumping data for table `tbl_rcpt`
--

LOCK TABLES `tbl_rcpt` WRITE;
/*!40000 ALTER TABLE `tbl_rcpt` DISABLE KEYS */;
INSERT INTO `tbl_rcpt` VALUES ('****','00','%[LF],@TARJETA:[IT1],#PAN[9HT],%[LF],@FOLIO:[IT1],#AC[7HT],%[LF],#TC[IT0],%[LF],@TIPO CUENTA:[IT1],#FC[HT1],%[LF],@SALDO ANTERIOR:[IT1],#OB[16HT],%[LF],@MONTO RETIRADO:[IT1],#AMT[16HT],%[LF],@COMISION:[IT1],#SRH[10HT],%[LF],@IVA:[IT1],#IVA[5HT],%[LF],@TOTAL:[IT1],#TT[7HT],%[LF],@SALDO ACTUAL:[IT1],#CB[14HT],%[LF],@AID:[IT1],#AID[5HT],%[LF],@ARQC:[IT1],#ARQC[6HT],%[LF],%[LF],','%[LF],@FECHA[IT9],@HORA[IT5],@CAJERO[IT10],%[LF],#DA[IT6],#T1[IT4],#AT[IT0],%[LF],#OWNER[IT0],%[LF],#LOC[IT0],%[LF],','@GRACIAS POR UTILIZAR LOS CAJEROS[IT0],%[LF],@VUELVA PRONTO[IT0],%[LF],@ATM CLOUD[IT0],%[LF],'),('****','01','%[LF],@TARJETA:[IT1],#PAN[9HT],%[LF],@FOLIO:[IT1],#AC[7HT],%[LF],#TC[IT0],%[LF],@TIPO CUENTA:[IT1],#FC[HT1],%[LF],@SALDO ANTERIOR:[IT1],#OB[16HT],%[LF],@MONTO RETIRADO:[IT1],#AMT[16HT],%[LF],@COMISION:[IT1],#SRH[10HT],%[LF],@IVA:[IT1],#IVA[5HT],%[LF],@TOTAL:[IT1],#TT[7HT],%[LF],@SALDO ACTUAL:[IT1],#CB[14HT],%[LF],@AID:[IT1],#AID[5HT],%[LF],@ARQC:[IT1],#ARQC[6HT],%[LF],%[LF],','%[LF],@FECHA[IT9],@HORA[IT5],@CAJERO[IT10],%[LF],#DA[IT6],#T1[IT4],#AT[IT0],%[LF],#OWNER[IT0],%[LF],#LOC[IT0],%[LF],','@GRACIAS POR UTILIZAR LOS CAJEROS[IT0],%[LF],@VUELVA PRONTO[IT0],%[LF],@ATM CLOUD[IT0],%[LF],'),('****','31','%[LF],@TARJETA:[IT1],#PAN[9HT],%[LF],@FOLIO:[IT1],#AC[7HT],%[LF],#TC[IT0],%[LF],@TIPO CUENTA:[IT1],#FC[HT1],%[LF],@SALDO ANTERIOR:[IT1],#OB[16HT],%[LF],@COMISION:[IT1],#SRH[10HT],%[LF],@IVA:[IT1],#IVA[5HT],%[LF],@SALDO ACTUAL:[IT1],#CB[14HT],%[LF],@AID:[IT1],#AID[5HT],%[LF],@ARQC:[IT1],#ARQC[6HT],%[LF],%[LF],','%[LF],@FECHA[IT9],@HORA[IT5],@CAJERO[IT10],%[LF],#DA[IT6],#T1[IT4],#AT[IT0],%[LF],#OWNER[IT0],%[LF],#LOC[IT0],%[LF],','@GRACIAS POR UTILIZAR LOS CAJEROS[IT0],%[LF],@VUELVA PRONTO[IT0],%[LF],@ATM CLOUD[IT0],%[LF],'),('****','65','%[LF],@TARJETA:[IT1],#PAN[9HT],%[LF],@FOLIO:[IT1],#AC[7HT],%[LF],#TC[IT0],%[LF],@TIPO CUENTA:[IT1],#FC[HT1],%[LF],@MONTO RECARGADO:[IT1],#AMT[17HT],%[LF],@TOTAL:[IT1],#TT[7HT],%[LF],%[LF],@TELEFONO:[IT1],#PHN[10HT],%[LF],@COMPANIA:[IT1],#COMP[10HT],%[LF],%[LF],','%[LF],@FECHA[IT9],@HORA[IT5],@CAJERO[IT10],%[LF],#DA[IT6],#T1[IT4],#AT[IT0],%[LF],#OWNER[IT0],%[LF],#LOC[IT0],%[LF],','@GRACIAS POR UTILIZAR LOS CAJEROS[IT0],%[LF],@VUELVA PRONTO[IT0],%[LF],@ATM CLOUD[IT0],%[LF],'),('****','94','%[LF],@TARJETA:[IT1],#PAN[9HT],%[LF],@FOLIO:[IT1],#AC[7HT],%[LF],#TC[IT0],%[LF],@MOVIMIENTOS:[IT1],%[LF],#STMT[13HT],%[LF],%[LF],','%[LF],@FECHA[IT9],@HORA[IT5],@CAJERO[IT10],%[LF],#DA[IT6],#T1[IT4],#AT[IT0],%[LF],#OWNER[IT0],%[LF],#LOC[IT0],%[LF],','@GRACIAS POR UTILIZAR LOS CAJEROS[IT0],%[LF],@VUELVA PRONTO[IT0],%[LF],@ATM CLOUD[IT0],%[LF],'),('****','96','%[LF],@TARJETA:[IT1],#PAN[9HT],%[LF],@FOLIO:[IT1],#AC[7HT],%[LF],#TC[IT0],%[LF],@AID:[IT1],#AID[5HT],%[LF],@ARQC:[IT1],#ARQC[6HT],%[LF],%[LF],@SU NIP A CAMBIADO[IT0],%[LF],','%[LF],@FECHA[IT9],@HORA[IT5],@CAJERO[IT10],%[LF],#DA[IT6],#T1[IT4],#AT[IT0],%[LF],#OWNER[IT0],%[LF],#LOC[IT0],%[LF],','@GRACIAS POR UTILIZAR LOS CAJEROS[IT0],%[LF],@VUELVA PRONTO[IT0],%[LF],@ATM CLOUD[IT0],%[LF],');
/*!40000 ALTER TABLE `tbl_rcpt` ENABLE KEYS */;
UNLOCK TABLES;

--
-- Table structure for table `tbl_role`
--

DROP TABLE IF EXISTS `tbl_role`;
/*!40101 SET @saved_cs_client     = @@character_set_client */;
 SET character_set_client = utf8mb4 ;
CREATE TABLE `tbl_role` (
  `name` varchar(100) NOT NULL,
  PRIMARY KEY (`name`)
) ENGINE=InnoDB DEFAULT CHARSET=utf8mb4 COLLATE=utf8mb4_0900_ai_ci;
/*!40101 SET character_set_client = @saved_cs_client */;

--
-- Dumping data for table `tbl_role`
--

LOCK TABLES `tbl_role` WRITE;
/*!40000 ALTER TABLE `tbl_role` DISABLE KEYS */;
INSERT INTO `tbl_role` VALUES ('ROLE_ATM'),('ROLE_DASHBOARD'),('ROLE_SOCKET'),('ROLE_SUPER'),('ROLE_TRANSACTIONAL');
/*!40000 ALTER TABLE `tbl_role` ENABLE KEYS */;
UNLOCK TABLES;

--
-- Table structure for table `tbl_role_tbl_privilege`
--

DROP TABLE IF EXISTS `tbl_role_tbl_privilege`;
/*!40101 SET @saved_cs_client     = @@character_set_client */;
 SET character_set_client = utf8mb4 ;
CREATE TABLE `tbl_role_tbl_privilege` (
  `tbl_role_name` varchar(100) NOT NULL,
  `privileges_name` varchar(255) NOT NULL,
  PRIMARY KEY (`tbl_role_name`,`privileges_name`),
  KEY `FKat8dj22bk5r7i3bn4qdq8ptqj` (`privileges_name`),
  CONSTRAINT `FKat8dj22bk5r7i3bn4qdq8ptqj` FOREIGN KEY (`privileges_name`) REFERENCES `tbl_privilege` (`name`),
  CONSTRAINT `FKmcbfp4yycrw6hewsa0s94ddgq` FOREIGN KEY (`tbl_role_name`) REFERENCES `tbl_role` (`name`)
) ENGINE=InnoDB DEFAULT CHARSET=utf8mb4 COLLATE=utf8mb4_0900_ai_ci;
/*!40101 SET character_set_client = @saved_cs_client */;

--
-- Dumping data for table `tbl_role_tbl_privilege`
--

LOCK TABLES `tbl_role_tbl_privilege` WRITE;
/*!40000 ALTER TABLE `tbl_role_tbl_privilege` DISABLE KEYS */;
INSERT INTO `tbl_role_tbl_privilege` VALUES ('ROLE_ATM','atm'),('ROLE_DASHBOARD','create'),('ROLE_DASHBOARD','delete'),('ROLE_DASHBOARD','read'),('ROLE_SOCKET','socket'),('ROLE_TRANSACTIONAL','transactional'),('ROLE_SUPER','user-security'),('ROLE_DASHBOARD','write');
/*!40000 ALTER TABLE `tbl_role_tbl_privilege` ENABLE KEYS */;
UNLOCK TABLES;

--
-- Table structure for table `tbl_screen_group`
--

DROP TABLE IF EXISTS `tbl_screen_group`;
/*!40101 SET @saved_cs_client     = @@character_set_client */;
 SET character_set_client = utf8mb4 ;
CREATE TABLE `tbl_screen_group` (
  `pk_group_id` varchar(16) NOT NULL,
  `back_ground` varchar(45) DEFAULT NULL,
  `body_default_style` longtext,
  `buttons_allowed` longblob,
  `button_default_style` longtext,
  `publicity_name` varchar(45) DEFAULT NULL,
  PRIMARY KEY (`pk_group_id`)
) ENGINE=InnoDB DEFAULT CHARSET=utf8mb4 COLLATE=utf8mb4_0900_ai_ci;
/*!40101 SET character_set_client = @saved_cs_client */;

--
-- Dumping data for table `tbl_screen_group`
--

LOCK TABLES `tbl_screen_group` WRITE;
/*!40000 ALTER TABLE `tbl_screen_group` DISABLE KEYS */;
/*!40000 ALTER TABLE `tbl_screen_group` ENABLE KEYS */;
UNLOCK TABLES;

--
-- Table structure for table `tbl_state`
--

DROP TABLE IF EXISTS `tbl_state`;
/*!40101 SET @saved_cs_client     = @@character_set_client */;
 SET character_set_client = utf8mb4 ;
CREATE TABLE `tbl_state` (
  `pk_state_code` varchar(2) NOT NULL,
  `state_name` varchar(20) DEFAULT NULL,
  `state_short_name` varchar(3) DEFAULT NULL,
  `zone_utc` varchar(50) DEFAULT NULL,
  PRIMARY KEY (`pk_state_code`)
) ENGINE=InnoDB DEFAULT CHARSET=utf8mb4 COLLATE=utf8mb4_0900_ai_ci;
/*!40101 SET character_set_client = @saved_cs_client */;

--
-- Dumping data for table `tbl_state`
--

LOCK TABLES `tbl_state` WRITE;
/*!40000 ALTER TABLE `tbl_state` DISABLE KEYS */;
INSERT INTO `tbl_state` VALUES ('01','AGUASCALIENTES','AGU','America/Mexico_City'),('02','BAJA CALIFORNIA','BCN','America/Tijuan'),('03','BAJA CALIFORNIA SUR','BCS','America/Chihuahua'),('04','CAMPECHE','CAM','America/Mexico_City'),('05','COAHUILA','COA','America/Mexico_City'),('06','COLIMA','COL','America/Mexico_City'),('07','CHIAPAS','CHP','America/Mexico_City'),('08','CHIHUAHUA','CHH','America/Chihuahua'),('09','CIUDAD DE MEXICO','DIF','America/Mexico_City'),('10','DURANGO','DUR','America/Mexico_City'),('11','GUANAJUATO','GUA','America/Mexico_City'),('12','GUERRERO','GRO','America/Mexico_City'),('13','HIDALGO','HID','America/Mexico_City'),('14','JALISCO','JAL','America/Mexico_City'),('15','MEXICO','MEX','America/Mexico_City'),('16','MICHOACAN','MIC','America/Mexico_City'),('17','MORELOS','MOR','America/Mexico_City'),('18','NAYARIT','NAY','America/Chihuahua'),('19','NUEVO LEON','NLE','America/Mexico_City'),('20','OAXACA','OAX','America/Mexico_City'),('21','PUEBLA','PUE','America/Mexico_City'),('22','QUERETARO','QUE','America/Mexico_City'),('23','QUINTANA ROO','ROO','America/Cancun'),('24','SAN LUIS POTOSI','SLP','America/Mexico_City'),('25','SINALOA','SIN','America/Chihuahua'),('26','SONORA','SON','America/Chihuahua'),('27','TABASCO','TAB','America/Mexico_City'),('28','TAMAULIPAS','TAM','America/Mexico_City'),('29','TLAXCALA','TLA','America/Mexico_City'),('30','VERACRUZ','VER','America/Mexico_City'),('31','YUCATAN','YUC','America/Mexico_City'),('32','ZACATECAS','ZAC','America/Mexico_City');
/*!40000 ALTER TABLE `tbl_state` ENABLE KEYS */;
UNLOCK TABLES;

--
-- Table structure for table `tbl_state_tbl_county`
--

DROP TABLE IF EXISTS `tbl_state_tbl_county`;
/*!40101 SET @saved_cs_client     = @@character_set_client */;
 SET character_set_client = utf8mb4 ;
CREATE TABLE `tbl_state_tbl_county` (
  `tbl_state_pk_state_code` varchar(2) NOT NULL,
  `counties_pk_county_code_id` int(11) NOT NULL,
  PRIMARY KEY (`tbl_state_pk_state_code`,`counties_pk_county_code_id`),
  UNIQUE KEY `UK_ie1b1ofkrbupvbhd8v5hx5euc` (`counties_pk_county_code_id`),
  CONSTRAINT `FKho6axyi9lk2du97a42kb9rxf8` FOREIGN KEY (`tbl_state_pk_state_code`) REFERENCES `tbl_state` (`pk_state_code`),
  CONSTRAINT `FKiku9pgtce9ewk4g0e5cdvaf65` FOREIGN KEY (`counties_pk_county_code_id`) REFERENCES `tbl_county` (`pk_county_code_id`)
) ENGINE=InnoDB DEFAULT CHARSET=utf8mb4 COLLATE=utf8mb4_0900_ai_ci;
/*!40101 SET character_set_client = @saved_cs_client */;

--
-- Dumping data for table `tbl_state_tbl_county`
--

LOCK TABLES `tbl_state_tbl_county` WRITE;
/*!40000 ALTER TABLE `tbl_state_tbl_county` DISABLE KEYS */;
INSERT INTO `tbl_state_tbl_county` VALUES ('01',1),('01',2),('01',3),('01',4),('01',5),('01',6),('01',7),('01',8),('01',9),('01',10),('01',11),('02',12),('02',13),('02',14),('02',15),('04',16),('04',17),('04',18),('04',19),('04',20),('04',21),('04',22),('04',23),('04',24),('04',25),('05',26),('05',27),('05',28),('05',29),('05',30),('05',31),('05',32),('05',33),('05',34),('05',35),('05',36),('05',37),('05',38),('05',39),('05',40),('05',41),('05',42),('05',43),('05',44),('05',45),('05',46),('05',47),('05',48),('05',49),('05',50),('05',51),('05',52),('06',53),('06',54),('06',55),('06',56),('06',57),('06',58),('06',59),('06',60),('06',61),('07',62),('07',63),('07',64),('07',65),('07',66),('07',67),('07',68),('07',69),('07',70),('07',71),('07',72),('07',73),('07',74),('07',75),('07',76),('07',77),('07',78),('07',79),('07',80),('07',81),('07',82),('07',83),('07',84),('07',85),('07',86),('07',87),('07',88),('07',89),('07',90),('07',91),('07',92),('07',93),('07',94),('07',95),('07',96),('07',97),('07',98),('07',99),('07',100),('07',101),('07',102),('07',103),('07',104),('07',105),('07',106),('07',107),('07',108),('07',109),('07',110),('07',111),('07',112),('07',113),('07',114),('07',115),('07',116),('07',117),('07',118),('07',119),('07',120),('07',121),('07',122),('07',123),('07',124),('07',125),('07',126),('07',127),('07',128),('07',129),('07',130),('07',131),('07',132),('07',133),('07',134),('07',135),('07',136),('07',137),('07',138),('07',139),('07',140),('07',141),('07',142),('07',143),('07',144),('07',145),('07',146),('07',147),('07',148),('07',149),('07',150),('07',151),('07',152),('07',153),('07',154),('07',155),('07',156),('07',157),('07',158),('08',159),('08',160),('08',161),('08',162),('08',163),('08',164),('08',165),('08',166),('08',167),('08',168),('09',169),('09',170),('09',171),('09',172),('09',173),('09',174),('09',175),('09',176),('09',177),('09',178),('09',179),('09',180),('09',181),('09',182),('09',183),('09',184),('10',185),('10',186),('10',187),('10',188),('10',189),('10',190),('10',191),('10',192),('10',193),('10',194),('10',195),('11',196),('11',197),('11',198),('11',199),('11',200),('11',201),('11',202),('11',203),('11',204),('11',205),('11',206),('11',207),('11',208),('11',209),('11',210),('11',211),('11',212),('11',213),('11',214),('11',215),('11',216),('11',217),('11',218),('11',219),('11',220),('11',221),('11',222),('11',223),('11',224),('11',225),('11',226),('11',227),('11',228),('11',229),('11',230),('11',231),('11',232),('11',233),('11',234),('11',235),('11',236),('11',237),('11',238),('12',239),('12',240),('12',241),('12',242),('12',243),('12',244),('12',245),('12',246),('12',247),('12',248),('12',249),('12',250),('12',251),('12',252),('12',253),('12',254),('12',255),('12',256),('12',257),('12',258),('12',259),('12',260),('12',261),('12',262),('12',263),('12',264),('12',265),('12',266),('12',267),('12',268),('12',269),('12',270),('12',271),('12',272),('12',273),('12',274),('12',275),('12',276),('12',277),('12',278),('12',279),('12',280),('12',281),('12',282),('12',283),('12',284),('12',285),('12',286),('12',287),('12',288),('13',289),('13',290),('13',291),('13',292),('13',293),('13',294),('13',295),('13',296),('13',297),('13',298),('13',299),('13',300),('13',301),('13',302),('13',303),('13',304),('13',305),('13',306),('13',307),('13',308),('13',309),('13',310),('13',311),('13',312),('13',313),('13',314),('13',315),('13',316),('13',317),('13',318),('13',319),('13',320),('13',321),('13',322),('13',323),('13',324),('13',325),('13',326),('13',327),('13',328),('13',329),('13',330),('13',331),('13',332),('13',333),('13',334),('13',335),('13',336),('13',337),('13',338),('13',339),('13',340),('13',341),('13',342),('13',343),('13',344),('13',345),('13',346),('13',347),('13',348),('13',349),('13',350),('13',351),('13',352),('13',353),('13',354),('13',355),('13',356),('13',357),('13',358),('13',359),('13',360),('13',361),('13',362),('13',363),('13',364),('14',365),('14',366),('14',367),('14',368),('14',369),('14',370),('14',371),('14',372),('14',373),('14',374),('14',375),('14',376),('14',377),('14',378),('14',379),('14',380),('14',381),('14',382),('14',383),('14',384),('14',385),('14',386),('14',387),('14',388),('14',389),('14',390),('14',391),('14',392),('14',393),('14',394),('14',395),('14',396),('14',397),('14',398),('14',399),('14',400),('14',401),('14',402),('14',403),('14',404),('14',405),('14',406),('14',407),('14',408),('14',409),('14',410),('14',411),('14',412),('14',413),('14',414),('14',415),('14',416),('14',417),('14',418),('14',419),('14',420),('15',421),('15',422),('15',423),('15',424),('15',425),('15',426),('15',427),('15',428),('15',429),('15',430),('15',431),('15',432),('15',433),('15',434),('15',435),('15',436),('15',437),('15',438),('15',439),('15',440),('15',441),('15',442),('15',443),('15',444),('15',445),('15',446),('15',447),('15',448),('15',449),('15',450),('15',451),('15',452),('15',453),('15',454),('15',455),('15',456),('15',457),('15',458),('15',459),('15',460),('15',461),('15',462),('15',463),('15',464),('15',465),('15',466),('15',467),('15',468),('15',469),('15',470),('15',471),('15',472),('15',473),('15',474),('15',475),('15',476),('15',477),('15',478),('15',479),('15',480),('15',481),('15',482),('15',483),('15',484),('15',485),('15',486),('15',487),('15',488),('15',489),('15',490),('15',491),('15',492),('15',493),('15',494),('15',495),('15',496),('15',497),('15',498),('15',499),('15',500),('15',501),('15',502),('15',503),('15',504),('15',505),('15',506),('15',507),('15',508),('15',509),('15',510),('15',511),('15',512),('15',513),('15',514),('15',515),('15',516),('15',517),('15',518),('15',519),('15',520),('15',521),('15',522),('15',523),('15',524),('15',525),('15',526),('15',527),('15',528),('15',529),('15',530),('15',531),('15',532),('15',533),('15',534),('15',535),('15',536),('15',537),('15',538),('15',539),('15',540),('15',541),('16',542),('16',543),('16',544),('16',545),('16',546),('16',547),('16',548),('16',549),('16',550),('16',551),('16',552),('16',553),('16',554),('16',555),('16',556),('16',557),('16',558),('16',559),('16',560),('16',561),('16',562),('16',563),('16',564),('16',565),('16',566),('16',567),('16',568),('16',569),('16',570),('16',571),('16',572),('16',573),('16',574),('16',575),('16',576),('16',577),('16',578),('16',579),('16',580),('16',581),('16',582),('16',583),('16',584),('16',585),('16',586),('16',587),('16',588),('16',589),('16',590),('16',591),('16',592),('16',593),('16',594),('16',595),('16',596),('16',597),('16',598),('16',599),('16',600),('16',601),('16',602),('16',603),('16',604),('16',605),('16',606),('16',607),('16',608),('16',609),('16',610),('16',611),('16',612),('16',613),('16',614),('16',615),('16',616),('16',617),('16',618),('16',619),('16',620),('16',621),('16',622),('16',623),('16',624),('16',625),('16',626),('16',627),('16',628),('16',629),('16',630),('16',631),('17',632),('17',633),('17',634),('17',635),('17',636),('17',637),('17',638),('17',639),('17',640),('17',641),('17',642),('17',643),('17',644),('17',645),('17',646),('17',647),('17',648),('17',649),('17',650),('17',651),('17',652),('17',653),('17',654),('17',655),('17',656),('17',657),('17',658),('17',659),('17',660),('17',661),('17',662),('17',663),('17',664),('18',665),('18',666),('18',667),('18',668),('18',669),('18',670),('18',671),('18',672),('18',673),('18',674),('18',675),('18',676),('18',677),('18',678),('18',679),('18',680),('19',681),('19',682),('19',683),('19',684),('19',685),('19',686),('19',687),('19',688),('19',689),('19',690),('19',691),('19',692),('19',693),('19',694),('19',695),('19',696),('19',697),('19',698),('19',699),('19',700),('19',701),('19',702),('19',703),('19',704),('19',705),('19',706),('19',707),('19',708),('19',709),('19',710),('19',711),('19',712),('19',713),('19',714),('19',715),('19',716),('19',717),('19',718),('20',719),('20',720),('20',721),('20',722),('20',723),('20',724),('20',725),('20',726),('20',727),('20',728),('20',729),('20',730),('20',731),('20',732),('20',733),('20',734),('20',735),('20',736),('20',737),('20',738),('20',739),('20',740),('20',741),('20',742),('20',743),('20',744),('20',745),('20',746),('20',747),('20',748),('20',749),('20',750),('20',751),('20',752),('20',753),('20',754),('20',755),('20',756),('20',757),('20',758),('20',759),('20',760),('20',761),('20',762),('20',763),('20',764),('20',765),('20',766),('20',767),('20',768),('20',769),('20',770),('20',771),('20',772),('20',773),('20',774),('20',775),('20',776),('20',777),('20',778),('20',779),('20',780),('20',781),('20',782),('20',783),('20',784),('20',785),('20',786),('20',787),('20',788),('20',789),('20',790),('20',791),('20',792),('20',793),('20',794),('20',795),('20',796),('20',797),('20',798),('20',799),('20',800),('20',801),('20',802),('20',803),('20',804),('20',805),('20',806),('20',807),('20',808),('20',809),('20',810),('20',811),('20',812),('20',813),('20',814),('20',815),('20',816),('20',817),('20',818),('20',819),('20',820),('20',821),('20',822),('20',823),('20',824),('20',825),('20',826),('20',827),('20',828),('20',829),('20',830),('20',831),('20',832),('20',833),('20',834),('20',835),('20',836),('20',837),('20',838),('20',839),('20',840),('20',841),('20',842),('20',843),('20',844),('20',845),('20',846),('20',847),('20',848),('20',849),('20',850),('20',851),('20',852),('20',853),('20',854),('20',855),('20',856),('20',857),('20',858),('20',859),('20',860),('20',861),('20',862),('20',863),('20',864),('20',865),('20',866),('20',867),('20',868),('20',869),('20',870),('20',871),('20',872),('20',873),('20',874),('20',875),('20',876),('20',877),('20',878),('20',879),('20',880),('20',881),('20',882),('20',883),('20',884),('20',885),('20',886),('20',887),('20',888),('20',889),('20',890),('20',891),('20',892),('20',893),('20',894),('20',895),('20',896),('20',897),('20',898),('20',899),('20',900),('20',901),('20',902),('20',903),('20',904),('20',905),('20',906),('20',907),('20',908),('20',909),('20',910),('20',911),('21',912),('21',913),('21',914),('21',915),('21',916),('21',917),('21',918),('21',919),('21',920),('21',921),('21',922),('21',923),('21',924),('21',925),('21',926),('21',927),('21',928),('21',929),('21',930),('21',931),('21',932),('21',933),('21',934),('21',935),('21',936),('21',937),('21',938),('21',939),('21',940),('21',941),('21',942),('21',943),('21',944),('21',945),('21',946),('21',947),('21',948),('21',949),('21',950),('21',951),('21',952),('21',953),('21',954),('21',955),('21',956),('21',957),('21',958),('21',959),('21',960),('21',961),('21',962),('21',963),('21',964),('21',965),('21',966),('21',967),('21',968),('21',969),('21',970),('21',971),('21',972),('21',973),('21',974),('21',975),('21',976),('21',977),('21',978),('21',979),('21',980),('21',981),('21',982),('21',983),('21',984),('21',985),('21',986),('21',987),('21',988),('21',989),('21',990),('21',991),('21',992),('21',993),('21',994),('21',995),('21',996),('21',997),('21',998),('21',999),('21',1000),('21',1001),('21',1002),('21',1003),('21',1004),('21',1005),('21',1006),('21',1007),('21',1008),('21',1009),('21',1010),('21',1011),('21',1012),('21',1013),('21',1014),('21',1015),('21',1016),('21',1017),('21',1018),('21',1019),('21',1020),('21',1021),('21',1022),('21',1023),('21',1024),('21',1025),('21',1026),('21',1027),('21',1028),('21',1029),('21',1030),('21',1031),('21',1032),('21',1033),('21',1034),('21',1035),('21',1036),('21',1037),('21',1038),('21',1039),('21',1040),('21',1041),('21',1042),('21',1043),('21',1044),('21',1045),('21',1046),('21',1047),('21',1048),('21',1049),('21',1050),('21',1051),('21',1052),('21',1053),('21',1054),('21',1055),('21',1056),('21',1057),('21',1058),('21',1059),('21',1060),('21',1061),('21',1062),('21',1063),('21',1064),('21',1065),('21',1066),('21',1067),('21',1068),('21',1069),('21',1070),('21',1071),('21',1072),('21',1073),('21',1074),('21',1075),('21',1076),('21',1077),('21',1078),('21',1079),('21',1080),('21',1081),('21',1082),('21',1083),('21',1084),('21',1085),('21',1086),('21',1087),('21',1088),('21',1089),('21',1090),('21',1091),('21',1092),('21',1093),('21',1094),('22',1095),('22',1096),('22',1097),('22',1098),('22',1099),('22',1100),('22',1101),('22',1102),('22',1103),('22',1104),('22',1105),('22',1106),('22',1107),('22',1108),('22',1109),('22',1110),('22',1111),('23',1112),('23',1113),('23',1114),('23',1115),('23',1116),('23',1117),('23',1118),('23',1119),('23',1120),('23',1121),('24',1122),('24',1123),('24',1124),('24',1125),('24',1126),('24',1127),('24',1128),('24',1129),('24',1130),('24',1131),('24',1132),('24',1133),('24',1134),('24',1135),('24',1136),('24',1137),('24',1138),('24',1139),('24',1140),('24',1141),('24',1142),('24',1143),('24',1144),('24',1145),('24',1146),('24',1147),('24',1148),('24',1149),('24',1150),('24',1151),('24',1152),('24',1153),('24',1154),('24',1155),('24',1156),('24',1157),('24',1158),('24',1159),('25',1160),('25',1161),('25',1162),('25',1163),('25',1164),('25',1165),('25',1166),('25',1167),('25',1168),('25',1169),('25',1170),('25',1171),('25',1172),('25',1173),('26',1174),('26',1175),('26',1176),('26',1177),('26',1178),('26',1179),('26',1180),('26',1181),('26',1182),('26',1183),('26',1184),('26',1185),('26',1186),('26',1187),('26',1188),('26',1189),('26',1190),('26',1191),('27',1192),('27',1193),('27',1194),('27',1195),('27',1196),('27',1197),('27',1198),('27',1199),('27',1200),('27',1201),('27',1202),('27',1203),('27',1204),('27',1205),('27',1206),('27',1207),('27',1208),('28',1209),('28',1210),('28',1211),('28',1212),('28',1213),('28',1214),('28',1215),('28',1216),('28',1217),('28',1218),('28',1219),('28',1220),('28',1221),('28',1222),('28',1223),('28',1224),('28',1225),('28',1226),('28',1227),('28',1228),('29',1229),('29',1230),('29',1231),('29',1232),('29',1233),('29',1234),('29',1235),('29',1236),('29',1237),('29',1238),('29',1239),('29',1240),('29',1241),('29',1242),('29',1243),('29',1244),('29',1245),('29',1246),('29',1247),('29',1248),('29',1249),('29',1250),('29',1251),('29',1252),('29',1253),('29',1254),('29',1255),('29',1256),('29',1257),('29',1258),('29',1259),('29',1260),('29',1261),('29',1262),('29',1263),('29',1264),('29',1265),('29',1266),('29',1267),('29',1268),('29',1269),('29',1270),('29',1271),('29',1272),('29',1273),('29',1274),('29',1275),('29',1276),('29',1277),('29',1278),('29',1279),('29',1280),('29',1281),('29',1282),('29',1283),('29',1284),('29',1285),('29',1286),('29',1287),('29',1288),('30',1289),('30',1290),('30',1291),('30',1292),('30',1293),('30',1294),('30',1295),('30',1296),('30',1297),('30',1298),('30',1299),('30',1300),('30',1301),('30',1302),('30',1303),('30',1304),('30',1305),('30',1306),('30',1307),('30',1308),('30',1309),('30',1310),('30',1311),('30',1312),('30',1313),('30',1314),('30',1315),('30',1316),('30',1317),('30',1318),('30',1319),('30',1320),('30',1321),('30',1322),('30',1323),('30',1324),('30',1325),('30',1326),('30',1327),('30',1328),('30',1329),('30',1330),('30',1331),('30',1332),('30',1333),('30',1334),('30',1335),('30',1336),('30',1337),('30',1338),('30',1339),('30',1340),('30',1341),('30',1342),('30',1343),('30',1344),('30',1345),('30',1346),('30',1347),('30',1348),('30',1349),('30',1350),('30',1351),('30',1352),('30',1353),('30',1354),('30',1355),('30',1356),('30',1357),('30',1358),('30',1359),('30',1360),('30',1361),('30',1362),('30',1363),('30',1364),('30',1365),('30',1366),('30',1367),('30',1368),('30',1369),('30',1370),('30',1371),('30',1372),('30',1373),('30',1374),('30',1375),('30',1376),('30',1377),('30',1378),('30',1379),('30',1380),('30',1381),('30',1382),('30',1383),('30',1384),('30',1385),('30',1386),('30',1387),('30',1388),('30',1389),('30',1390),('30',1391),('30',1392),('30',1393),('30',1394),('30',1395),('30',1396),('30',1397),('30',1398),('30',1399),('30',1400),('30',1401),('30',1402),('30',1403),('30',1404),('30',1405),('30',1406),('30',1407),('30',1408),('30',1409),('30',1410),('30',1411),('30',1412),('30',1413),('30',1414),('30',1415),('30',1416),('30',1417),('30',1418),('30',1419),('30',1420),('30',1421),('30',1422),('30',1423),('30',1424),('30',1425),('30',1426),('30',1427),('30',1428),('30',1429),('30',1430),('30',1431),('30',1432),('30',1433),('30',1434),('30',1435),('30',1436),('30',1437),('30',1438),('30',1439),('30',1440),('30',1441),('30',1442),('30',1443),('30',1444),('30',1445),('30',1446),('30',1447),('30',1448),('30',1449),('30',1450),('30',1451),('30',1452),('30',1453),('30',1454),('30',1455),('30',1456),('30',1457),('30',1458),('30',1459),('30',1460),('30',1461),('30',1462),('30',1463),('30',1464),('30',1465),('30',1466),('30',1467),('30',1468),('30',1469),('30',1470),('30',1471),('30',1472),('30',1473),('30',1474),('30',1475),('30',1476),('30',1477),('30',1478),('30',1479),('30',1480),('30',1481),('30',1482),('30',1483),('31',1484),('31',1485),('31',1486),('31',1487),('31',1488),('31',1489),('31',1490),('31',1491),('31',1492),('31',1493),('31',1494),('31',1495),('31',1496),('31',1497),('31',1498),('31',1499),('31',1500),('31',1501),('31',1502),('31',1503),('31',1504),('31',1505),('31',1506),('31',1507),('31',1508),('31',1509),('31',1510),('31',1511),('31',1512),('31',1513),('31',1514),('31',1515),('31',1516),('31',1517),('31',1518),('31',1519),('31',1520),('31',1521),('31',1522),('31',1523),('31',1524),('31',1525),('31',1526),('31',1527),('31',1528),('31',1529),('31',1530),('31',1531),('31',1532),('31',1533),('31',1534),('31',1535),('31',1536),('31',1537),('31',1538),('31',1539),('31',1540),('31',1541),('31',1542),('31',1543),('31',1544),('31',1545),('31',1546),('31',1547),('31',1548),('31',1549),('31',1550),('31',1551),('31',1552),('31',1553),('31',1554),('31',1555),('31',1556),('31',1557),('31',1558),('31',1559),('31',1560),('31',1561),('31',1562),('31',1563),('31',1564),('31',1565),('31',1566),('31',1567),('31',1568),('31',1569),('31',1570),('31',1571),('31',1572),('31',1573),('31',1574),('31',1575),('31',1576),('31',1577),('31',1578),('31',1579),('31',1580),('31',1581),('32',1582),('32',1583),('32',1584),('32',1585),('32',1586),('32',1587),('32',1588),('32',1589),('32',1590),('32',1591),('32',1592),('32',1593),('32',1594),('32',1595),('32',1596),('32',1597),('32',1598),('32',1599);
/*!40000 ALTER TABLE `tbl_state_tbl_county` ENABLE KEYS */;
UNLOCK TABLES;

--
-- Table structure for table `tbl_surcharge`
--

DROP TABLE IF EXISTS `tbl_surcharge`;
/*!40101 SET @saved_cs_client     = @@character_set_client */;
 SET character_set_client = utf8mb4 ;
CREATE TABLE `tbl_surcharge` (
  `fiid_acquirer` varchar(4) NOT NULL,
  `fiid_issuing` varchar(4) NOT NULL,
  `tran_code` varchar(2) NOT NULL,
  `surcharge` varchar(255) DEFAULT NULL,
  PRIMARY KEY (`fiid_acquirer`,`fiid_issuing`,`tran_code`)
) ENGINE=InnoDB DEFAULT CHARSET=utf8mb4 COLLATE=utf8mb4_0900_ai_ci;
/*!40101 SET character_set_client = @saved_cs_client */;

--
-- Dumping data for table `tbl_surcharge`
--

LOCK TABLES `tbl_surcharge` WRITE;
/*!40000 ALTER TABLE `tbl_surcharge` DISABLE KEYS */;
/*!40000 ALTER TABLE `tbl_surcharge` ENABLE KEYS */;
UNLOCK TABLES;

--
-- Table structure for table `tbl_tran_allow`
--

DROP TABLE IF EXISTS `tbl_tran_allow`;
/*!40101 SET @saved_cs_client     = @@character_set_client */;
 SET character_set_client = utf8mb4 ;
CREATE TABLE `tbl_tran_allow` (
  `pk_allowed_code` varchar(1) NOT NULL,
  PRIMARY KEY (`pk_allowed_code`)
) ENGINE=InnoDB DEFAULT CHARSET=utf8mb4 COLLATE=utf8mb4_0900_ai_ci;
/*!40101 SET character_set_client = @saved_cs_client */;

--
-- Dumping data for table `tbl_tran_allow`
--

LOCK TABLES `tbl_tran_allow` WRITE;
/*!40000 ALTER TABLE `tbl_tran_allow` DISABLE KEYS */;
INSERT INTO `tbl_tran_allow` VALUES ('0'),('1'),('2'),('3'),('4');
/*!40000 ALTER TABLE `tbl_tran_allow` ENABLE KEYS */;
UNLOCK TABLES;

--
-- Table structure for table `tbl_up_time`
--

DROP TABLE IF EXISTS `tbl_up_time`;
/*!40101 SET @saved_cs_client     = @@character_set_client */;
 SET character_set_client = utf8mb4 ;
CREATE TABLE `tbl_up_time` (
  `pk_date` date NOT NULL,
  `pk_terminal_id` varchar(16) NOT NULL,
  `up` int(11) DEFAULT NULL,
  PRIMARY KEY (`pk_date`,`pk_terminal_id`)
) ENGINE=InnoDB DEFAULT CHARSET=utf8mb4 COLLATE=utf8mb4_0900_ai_ci;
/*!40101 SET character_set_client = @saved_cs_client */;

--
-- Dumping data for table `tbl_up_time`
--

LOCK TABLES `tbl_up_time` WRITE;
/*!40000 ALTER TABLE `tbl_up_time` DISABLE KEYS */;
/*!40000 ALTER TABLE `tbl_up_time` ENABLE KEYS */;
UNLOCK TABLES;

--
-- Table structure for table `tbl_user`
--

DROP TABLE IF EXISTS `tbl_user`;
/*!40101 SET @saved_cs_client     = @@character_set_client */;
 SET character_set_client = utf8mb4 ;
CREATE TABLE `tbl_user` (
  `pk_id` varchar(45) NOT NULL,
  `enabled` bit(1) DEFAULT NULL,
  `expiration_time` bigint(20) DEFAULT NULL,
  `expiration_token_time` bigint(20) DEFAULT NULL,
  `issue_time` bigint(20) DEFAULT NULL,
  `last_name` varchar(30) DEFAULT NULL,
  `last_usage` bigint(20) DEFAULT NULL,
  `name` varchar(30) DEFAULT NULL,
  `password` varchar(100) DEFAULT NULL,
  `phone` varchar(10) DEFAULT NULL,
  `enable` bit(1) DEFAULT NULL,
  `fk_fiid` varchar(4) DEFAULT NULL,
  `pk_rol` varchar(100) DEFAULT NULL,
  PRIMARY KEY (`pk_id`),
  KEY `FK_OWNER_USER` (`fk_fiid`),
  KEY `FK_ROL` (`pk_rol`),
  CONSTRAINT `FK_OWNER_USER` FOREIGN KEY (`fk_fiid`) REFERENCES `tbl_idf` (`pk_fiid`),
  CONSTRAINT `FK_ROL` FOREIGN KEY (`pk_rol`) REFERENCES `tbl_role` (`name`)
) ENGINE=InnoDB DEFAULT CHARSET=utf8mb4 COLLATE=utf8mb4_0900_ai_ci;
/*!40101 SET character_set_client = @saved_cs_client */;

--
-- Dumping data for table `tbl_user`
--

LOCK TABLES `tbl_user` WRITE;
/*!40000 ALTER TABLE `tbl_user` DISABLE KEYS */;
INSERT INTO `tbl_user` VALUES ('ATM-TEST',_binary '',1620437219,84600,1589558219,'Glints',0,'Glints','$2a$10$nCQ.HchJzRhIE2VC4OsFPeEIcTQgcgl7yVGqfRJZa/d0ECuM5Vve.',NULL,_binary '\0','B000','ROLE_ATM'),('DASH-ADMIN',_binary '',1620437219,84600,1589558219,'Glints',1590429909,'Glints','$2a$10$NbMYpl8botKtU64mH5tdDeoGCNJLoDAQARm7JLs2YnzopFMUK5SJu',NULL,_binary '\0','B000','ROLE_DASHBOARD'),('DASH-SOCKET',_binary '',1620437219,84600,1589558219,'Glints',0,'Glints','$2a$10$NGaAeKQ3NjQMcgJ0uF8hSOlSUboFD/qlXujF2a3UTFcbSAMgE/QGy',NULL,_binary '\0','B000','ROLE_SOCKET'),('ISO-CORE',_binary '',1620437219,84600,1589558219,'Glints',0,'Glints','$2a$10$SbEPKBk5kLL2Sp68RVY7w.gCe/pS0BWR1S3e5qjUK00pFyckiceLC',NULL,_binary '\0','B000','ROLE_TRANSACTIONAL'),('JSE-CORE',_binary '',1620437219,84600,1589558219,'Glints',0,'Glints','$2a$10$PEiQkfdIp9HVwQAvCfzhVODFH1QCClNRSfvvHxoBnyk5cxf5BC6YS',NULL,_binary '\0','B000','ROLE_TRANSACTIONAL'),('NABHI-SUPER',_binary '',1621307375,84600,1590428375,'Glints',1590429129,'Glints','$2a$10$jLFUgAxEbZvjOh/iZSF3MuWOh6cFYS2c1O.VsvgdJ.755kJyrEzMq',NULL,_binary '\0',NULL,'ROLE_SUPER');
/*!40000 ALTER TABLE `tbl_user` ENABLE KEYS */;
UNLOCK TABLES;
/*!40103 SET TIME_ZONE=@OLD_TIME_ZONE */;

/*!40101 SET SQL_MODE=@OLD_SQL_MODE */;
/*!40014 SET FOREIGN_KEY_CHECKS=@OLD_FOREIGN_KEY_CHECKS */;
/*!40014 SET UNIQUE_CHECKS=@OLD_UNIQUE_CHECKS */;
/*!40101 SET CHARACTER_SET_CLIENT=@OLD_CHARACTER_SET_CLIENT */;
/*!40101 SET CHARACTER_SET_RESULTS=@OLD_CHARACTER_SET_RESULTS */;
/*!40101 SET COLLATION_CONNECTION=@OLD_COLLATION_CONNECTION */;
/*!40111 SET SQL_NOTES=@OLD_SQL_NOTES */;

-- Dump completed on 2020-05-25 13:05:57
